tau,scenario,regime,episode,policy,J,E,lam2,lcc,reconf_per_100s
3,uniform,pedestrian,0,none,0.36790420003973645,28.38,0.6072548224667973,1.0,0.0
3,uniform,pedestrian,0,static,1.0215435217028936,68.03666666666666,1.9955209974062191,1.0,0.0
3,uniform,pedestrian,0,random,0.7561155814606608,58.23,1.2508013472692994,1.0,132.66666666666666
3,uniform,pedestrian,0,reactive,1.0215435217028936,68.03666666666666,1.9955209974062191,1.0,0.0
3,uniform,pedestrian,0,cv,1.0215435217028936,68.03666666666666,1.9955209974062191,1.0,0.0
3,uniform,pedestrian,0,oracle,1.0215435217028936,68.03666666666666,1.9955209974062191,1.0,0.0
3,uniform,pedestrian,0,learned GAT-LSTM,1.0215435217028936,68.03666666666666,1.9955209974062191,1.0,0.0
3,uniform,pedestrian,0,learned LSTM (no graph attention),1.0215435217028936,68.03666666666666,1.9955209974062191,1.0,0.0
3,uniform,pedestrian,1,none,0.38768181662252243,29.753333333333334,0.6442766028777309,1.0,0.0
3,uniform,pedestrian,1,static,1.0133531019829698,68.31333333333333,1.955892426401213,1.0,0.0
3,uniform,pedestrian,1,random,0.7487631493010887,59.14333333333333,1.196115870374397,1.0,130.0
3,uniform,pedestrian,1,reactive,1.0133531019829698,68.31333333333333,1.955892426401213,1.0,0.0
3,uniform,pedestrian,1,cv,1.0133531019829698,68.31333333333333,1.955892426401213,1.0,0.0
3,uniform,pedestrian,1,oracle,1.0133531019829698,68.31333333333333,1.955892426401213,1.0,0.0
3,uniform,pedestrian,1,learned GAT-LSTM,1.0133531019829698,68.31333333333333,1.955892426401213,1.0,0.0
3,uniform,pedestrian,1,learned LSTM (no graph attention),1.0133531019829698,68.31333333333333,1.955892426401213,1.0,0.0
3,uniform,pedestrian,2,none,0.33235865946783866,26.643333333333334,0.519691534960661,1.0,0.0
3,uniform,pedestrian,2,static,0.9505037324594732,65.08,1.8057437229398234,1.0,0.0
3,uniform,pedestrian,2,random,0.6839434507083801,55.5,1.0501302146908122,1.0,129.0
3,uniform,pedestrian,2,reactive,0.9505037324594732,65.08,1.8057437229398234,1.0,0.0
3,uniform,pedestrian,2,cv,0.9505037324594732,65.08,1.8057437229398234,1.0,0.0
3,uniform,pedestrian,2,oracle,0.9505037324594732,65.08,1.8057437229398234,1.0,0.0
3,uniform,pedestrian,2,learned GAT-LSTM,0.9505037324594732,65.08,1.8057437229398234,1.0,0.0
3,uniform,pedestrian,2,learned LSTM (no graph attention),0.9505037324594732,65.08,1.8057437229398234,1.0,0.0
3,uniform,pedestrian,3,none,0.36443329521855233,28.406666666666666,0.5930644049668662,1.0,0.0
3,uniform,pedestrian,3,static,1.0132565866718253,67.68,1.9737212375157995,1.0,0.0
3,uniform,pedestrian,3,random,0.7505805469186588,58.01,1.235716971952811,1.0,131.33333333333331
3,uniform,pedestrian,3,reactive,1.0132565866718253,67.68,1.9737212375157995,1.0,0.0
3,uniform,pedestrian,3,cv,1.0132565866718253,67.68,1.9737212375157995,1.0,0.0
3,uniform,pedestrian,3,oracle,1.0132565866718253,67.68,1.9737212375157995,1.0,0.0
3,uniform,pedestrian,3,learned GAT-LSTM,1.0132565866718253,67.68,1.9737212375157995,1.0,0.0
3,uniform,pedestrian,3,learned LSTM (no graph attention),1.0132565866718253,67.68,1.9737212375157995,1.0,0.0
3,uniform,pedestrian,4,none,0.3783930704109879,28.923333333333332,0.6322059236172328,1.0,0.0
3,uniform,pedestrian,4,static,1.0147689374804243,68.07333333333334,1.9682659230767399,1.0,0.0
3,uniform,pedestrian,4,random,0.7533622621431468,58.43666666666667,1.2342130253178052,1.0,131.0
3,uniform,pedestrian,4,reactive,1.0147689374804243,68.07333333333334,1.9682659230767399,1.0,0.0
3,uniform,pedestrian,4,cv,1.0147689374804243,68.07333333333334,1.9682659230767399,1.0,0.0
3,uniform,pedestrian,4,oracle,1.0147689374804243,68.07333333333334,1.9682659230767399,1.0,0.0
3,uniform,pedestrian,4,learned GAT-LSTM,1.0147689374804243,68.07333333333334,1.9682659230767399,1.0,0.0
3,uniform,pedestrian,4,learned LSTM (no graph attention),1.0147689374804243,68.07333333333334,1.9682659230767399,1.0,0.0
3,uniform,pedestrian,5,none,0.35972013621967297,28.276666666666667,0.5785720887078745,1.0,0.0
3,uniform,pedestrian,5,static,0.9605264742939675,66.18666666666667,1.8127017511916756,1.0,0.0
3,uniform,pedestrian,5,random,0.6976143162580916,56.93,1.0619050183726157,1.0,128.0
3,uniform,pedestrian,5,reactive,0.9605264742939675,66.18666666666667,1.8127017511916756,1.0,0.0
3,uniform,pedestrian,5,cv,0.9605264742939675,66.18666666666667,1.8127017511916756,1.0,0.0
3,uniform,pedestrian,5,oracle,0.9605264742939675,66.18666666666667,1.8127017511916756,1.0,0.0
3,uniform,pedestrian,5,learned GAT-LSTM,0.9605264742939675,66.18666666666667,1.8127017511916756,1.0,0.0
3,uniform,pedestrian,5,learned LSTM (no graph attention),0.9605264742939675,66.18666666666667,1.8127017511916756,1.0,0.0
3,uniform,pedestrian,6,none,0.37323158038241094,29.003333333333334,0.6099442191961351,1.0,0.0
3,uniform,pedestrian,6,static,1.0636623150803453,69.96666666666667,2.1029504597551156,1.0,0.0
3,uniform,pedestrian,6,random,0.808923191912733,61.02,1.3748541752437073,1.0,125.33333333333334
3,uniform,pedestrian,6,reactive,1.0636623150803453,69.96666666666667,2.1029504597551156,1.0,0.0
3,uniform,pedestrian,6,cv,1.0636623150803453,69.96666666666667,2.1029504597551156,1.0,0.0
3,uniform,pedestrian,6,oracle,1.0636623150803453,69.96666666666667,2.1029504597551156,1.0,0.0
3,uniform,pedestrian,6,learned GAT-LSTM,1.0636623150803453,69.96666666666667,2.1029504597551156,1.0,0.0
3,uniform,pedestrian,6,learned LSTM (no graph attention),1.0636623150803453,69.96666666666667,2.1029504597551156,1.0,0.0
3,uniform,pedestrian,7,none,0.35300520712834044,27.83,0.5654388058733621,1.0,0.0
3,uniform,pedestrian,7,static,0.9726900557924723,66.18,1.8599370171793301,1.0,0.0
3,uniform,pedestrian,7,random,0.7079875899687861,57.013333333333335,1.0996295067161799,1.0,131.0
3,uniform,pedestrian,7,reactive,0.9726900557924723,66.18,1.8599370171793301,1.0,0.0
3,uniform,pedestrian,7,cv,0.9726900557924723,66.18,1.8599370171793301,1.0,0.0
3,uniform,pedestrian,7,oracle,0.9726900557924723,66.18,1.8599370171793301,1.0,0.0
3,uniform,pedestrian,7,learned GAT-LSTM,0.9726900557924723,66.18,1.8599370171793301,1.0,0.0
3,uniform,pedestrian,7,learned LSTM (no graph attention),0.9726900557924723,66.18,1.8599370171793301,1.0,0.0
3,uniform,pedestrian,8,none,0.39411264323746215,30.123333333333335,0.6585145068626936,1.0,0.0
3,uniform,pedestrian,8,static,1.0116168849422675,69.59666666666666,1.9122942756499048,1.0,0.0
3,uniform,pedestrian,8,random,0.7574324736176405,60.14666666666667,1.2008092586279941,1.0,128.0
3,uniform,pedestrian,8,reactive,1.0116168849422675,69.59666666666666,1.9122942756499048,1.0,0.0
3,uniform,pedestrian,8,cv,1.0116168849422675,69.59666666666666,1.9122942756499048,1.0,0.0
3,uniform,pedestrian,8,oracle,1.0116168849422675,69.59666666666666,1.9122942756499048,1.0,0.0
3,uniform,pedestrian,8,learned GAT-LSTM,1.0116168849422675,69.59666666666666,1.9122942756499048,1.0,0.0
3,uniform,pedestrian,8,learned LSTM (no graph attention),1.0116168849422675,69.59666666666666,1.9122942756499048,1.0,0.0
3,uniform,pedestrian,9,none,0.37054036136853585,28.843333333333334,0.6041341286780024,1.0,0.0
3,uniform,pedestrian,9,static,1.005232976903191,67.88666666666667,1.936749628079427,1.0,0.0
3,uniform,pedestrian,9,random,0.7514951026615008,58.75333333333333,1.2178905843735661,1.0,134.66666666666666
3,uniform,pedestrian,9,reactive,1.005232976903191,67.88666666666667,1.936749628079427,1.0,0.0
3,uniform,pedestrian,9,cv,1.005232976903191,67.88666666666667,1.936749628079427,1.0,0.0
3,uniform,pedestrian,9,oracle,1.005232976903191,67.88666666666667,1.936749628079427,1.0,0.0
3,uniform,pedestrian,9,learned GAT-LSTM,1.005232976903191,67.88666666666667,1.936749628079427,1.0,0.0
3,uniform,pedestrian,9,learned LSTM (no graph attention),1.005232976903191,67.88666666666667,1.936749628079427,1.0,0.0
3,uniform,pedestrian,10,none,0.3834348634754924,29.406666666666666,0.6378144081147129,1.0,0.0
3,uniform,pedestrian,10,static,0.9979352692325276,68.58333333333333,1.8885028342212196,1.0,0.0
3,uniform,pedestrian,10,random,0.7553080018572109,59.75666666666667,1.2038013437938977,1.0,127.66666666666666
3,uniform,pedestrian,10,reactive,0.9979352692325276,68.58333333333333,1.8885028342212196,1.0,0.0
3,uniform,pedestrian,10,cv,0.9979352692325276,68.58333333333333,1.8885028342212196,1.0,0.0
3,uniform,pedestrian,10,oracle,0.9979352692325276,68.58333333333333,1.8885028342212196,1.0,0.0
3,uniform,pedestrian,10,learned GAT-LSTM,0.9979352692325276,68.58333333333333,1.8885028342212196,1.0,0.0
3,uniform,pedestrian,10,learned LSTM (no graph attention),0.9979352692325276,68.58333333333333,1.8885028342212196,1.0,0.0
3,uniform,pedestrian,11,none,0.3855581832041723,29.37,0.6470803294317699,1.0,0.0
3,uniform,pedestrian,11,static,1.0033126674640396,67.10666666666667,1.9517399847637231,1.0,0.0
3,uniform,pedestrian,11,random,0.738321761684048,58.013333333333335,1.1882092980674417,1.0,139.0
3,uniform,pedestrian,11,reactive,1.0033126674640396,67.10666666666667,1.9517399847637231,1.0,0.0
3,uniform,pedestrian,11,cv,1.0033126674640396,67.10666666666667,1.9517399847637231,1.0,0.0
3,uniform,pedestrian,11,oracle,1.0033126674640396,67.10666666666667,1.9517399847637231,1.0,0.0
3,uniform,pedestrian,11,learned GAT-LSTM,1.0033126674640396,67.10666666666667,1.9517399847637231,1.0,0.0
3,uniform,pedestrian,11,learned LSTM (no graph attention),1.0033126674640396,67.10666666666667,1.9517399847637231,1.0,0.0
3,uniform,pedestrian,12,none,0.3884229117017019,29.463333333333335,0.6554774920333625,1.0,0.0
3,uniform,pedestrian,12,static,1.0439729529697435,68.58666666666667,2.0664616118391774,1.0,0.0
3,uniform,pedestrian,12,random,0.7601396979032236,58.74,1.2517074787511384,1.0,132.0
3,uniform,pedestrian,12,reactive,1.0432765487532925,68.52666666666667,2.0654926192291985,1.0,1.3333333333333335
3,uniform,pedestrian,12,cv,1.0440473406975355,68.55333333333333,2.067707317423601,1.0,0.6666666666666667
3,uniform,pedestrian,12,oracle,1.0440989570070445,68.56,2.067715346832021,1.0,1.3333333333333335
3,uniform,pedestrian,12,learned GAT-LSTM,1.0439932171320425,68.57333333333334,2.06692318711488,1.0,1.3333333333333335
3,uniform,pedestrian,12,learned LSTM (no graph attention),1.0439473041085316,68.56,2.0671288166100203,1.0,0.6666666666666667
3,uniform,pedestrian,13,none,0.3469467696258843,27.643333333333334,0.5473721211443816,1.0,0.0
3,uniform,pedestrian,13,static,0.9988584665185454,67.36,1.9272321545961708,1.0,0.0
3,uniform,pedestrian,13,random,0.7190226133405927,57.23,1.1360813476223763,1.0,129.33333333333331
3,uniform,pedestrian,13,reactive,0.9988584665185454,67.36,1.9272321545961708,1.0,0.0
3,uniform,pedestrian,13,cv,0.9988584665185454,67.36,1.9272321545961708,1.0,0.0
3,uniform,pedestrian,13,oracle,0.9988584665185454,67.36,1.9272321545961708,1.0,0.0
3,uniform,pedestrian,13,learned GAT-LSTM,0.9988584665185454,67.36,1.9272321545961708,1.0,0.0
3,uniform,pedestrian,13,learned LSTM (no graph attention),0.9988584665185454,67.36,1.9272321545961708,1.0,0.0
3,uniform,pedestrian,14,none,0.353792649386562,27.906666666666666,0.5662808932716616,1.0,0.0
3,uniform,pedestrian,14,static,0.9721192474704549,66.36333333333333,1.8524603417621934,1.0,0.0
3,uniform,pedestrian,14,random,0.7361440496794917,58.11666666666667,1.1768170003938603,1.0,134.0
3,uniform,pedestrian,14,reactive,0.9721192474704549,66.36333333333333,1.8524603417621934,1.0,0.0
3,uniform,pedestrian,14,cv,0.9721192474704549,66.36333333333333,1.8524603417621934,1.0,0.0
3,uniform,pedestrian,14,oracle,0.9721192474704549,66.36333333333333,1.8524603417621934,1.0,0.0
3,uniform,pedestrian,14,learned GAT-LSTM,0.9721192474704549,66.36333333333333,1.8524603417621934,1.0,0.0
3,uniform,pedestrian,14,learned LSTM (no graph attention),0.9721192474704549,66.36333333333333,1.8524603417621934,1.0,0.0
3,uniform,pedestrian,15,none,0.3625718176316665,28.373333333333335,0.5868229901341053,1.0,0.0
3,uniform,pedestrian,15,static,1.0540423640688688,68.5,2.1078967109398237,1.0,0.0
3,uniform,pedestrian,15,random,0.7753624798595065,59.53,1.2878781415467808,1.0,131.0
3,uniform,pedestrian,15,reactive,1.0540423640688688,68.5,2.1078967109398237,1.0,0.0
3,uniform,pedestrian,15,cv,1.0540423640688688,68.5,2.1078967109398237,1.0,0.0
3,uniform,pedestrian,15,oracle,1.0540423640688688,68.5,2.1078967109398237,1.0,0.0
3,uniform,pedestrian,15,learned GAT-LSTM,1.0540423640688688,68.5,2.1078967109398237,1.0,0.0
3,uniform,pedestrian,15,learned LSTM (no graph attention),1.0540423640688688,68.5,2.1078967109398237,1.0,0.0
3,uniform,pedestrian,16,none,0.3930336626546106,29.9,0.6607600920341758,1.0,0.0
3,uniform,pedestrian,16,static,0.9807700011510423,67.55,1.8518128798665772,1.0,0.0
3,uniform,pedestrian,16,random,0.7340144912917163,59.416666666666664,1.1312185667819317,1.0,136.33333333333331
3,uniform,pedestrian,16,reactive,0.9807700011510423,67.55,1.8518128798665772,1.0,0.0
3,uniform,pedestrian,16,cv,0.9807700011510423,67.55,1.8518128798665772,1.0,0.0
3,uniform,pedestrian,16,oracle,0.9807700011510423,67.55,1.8518128798665772,1.0,0.0
3,uniform,pedestrian,16,learned GAT-LSTM,0.9807700011510423,67.55,1.8518128798665772,1.0,0.0
3,uniform,pedestrian,16,learned LSTM (no graph attention),0.9807700011510423,67.55,1.8518128798665772,1.0,0.0
3,uniform,pedestrian,17,none,0.34313134759572705,27.4,0.5396090939041109,1.0,0.0
3,uniform,pedestrian,17,static,0.967740781659376,66.65,1.8272874186893102,1.0,0.0
3,uniform,pedestrian,17,random,0.7173397579825844,57.43666666666667,1.1236331342343797,1.0,131.66666666666666
3,uniform,pedestrian,17,reactive,0.9677920689156377,66.65333333333334,1.8273899759417327,1.0,0.6666666666666667
3,uniform,pedestrian,17,cv,0.9678267821157585,66.65333333333334,1.8275242321357965,1.0,1.3333333333333335
3,uniform,pedestrian,17,oracle,0.9679348027851855,66.65333333333334,1.8279420110760016,1.0,0.6666666666666667
3,uniform,pedestrian,17,learned GAT-LSTM,0.9677336744292914,66.64,1.827547332339295,1.0,1.3333333333333335
3,uniform,pedestrian,17,learned LSTM (no graph attention),0.967837704293743,66.65333333333334,1.827566474569281,1.0,0.6666666666666667
3,uniform,pedestrian,18,none,0.37006452503709064,28.716666666666665,0.6059342104400126,1.0,0.0
3,uniform,pedestrian,18,static,1.0219851397736004,68.06333333333333,1.9964625882151696,1.0,0.0
3,uniform,pedestrian,18,random,0.7473630046645322,58.58,1.2068909762615272,1.0,135.33333333333331
3,uniform,pedestrian,18,reactive,1.021603738737995,68.04666666666667,1.9954664903526942,1.0,1.6666666666666667
3,uniform,pedestrian,18,cv,1.022021477154905,68.08333333333333,1.996028323156159,1.0,1.6666666666666667
3,uniform,pedestrian,18,oracle,1.022021477154905,68.08333333333333,1.996028323156159,1.0,1.6666666666666667
3,uniform,pedestrian,18,learned GAT-LSTM,1.0217691849853485,68.05333333333333,1.9959147665309986,1.0,2.0
3,uniform,pedestrian,18,learned LSTM (no graph attention),1.0217824366527741,68.06,1.9957744174892935,1.0,1.6666666666666667
3,uniform,pedestrian,19,none,0.3732429639283914,28.953333333333333,0.6114252532816492,1.0,0.0
3,uniform,pedestrian,19,static,1.030333293162214,69.60333333333334,1.984489943080243,1.0,0.0
3,uniform,pedestrian,19,random,0.7930793295891855,60.65,1.3242105712819658,1.0,137.33333333333334
3,uniform,pedestrian,19,reactive,1.030333293162214,69.60333333333334,1.984489943080243,1.0,0.0
3,uniform,pedestrian,19,cv,1.0303138548196862,69.59333333333333,1.9847021651253227,1.0,0.6666666666666667
3,uniform,pedestrian,19,oracle,1.030333293162214,69.60333333333334,1.984489943080243,1.0,0.0
3,uniform,pedestrian,19,learned GAT-LSTM,1.0303203342671954,69.59666666666666,1.9846314244436296,1.0,0.6666666666666667
3,uniform,pedestrian,19,learned LSTM (no graph attention),1.030307375372177,69.59,1.9847729058070156,1.0,0.6666666666666667
3,uniform,pedestrian,20,none,0.35717362907140965,28.15,0.5723636785400373,1.0,0.0
3,uniform,pedestrian,20,static,1.0232775383165393,67.73666666666666,2.0108494947895896,1.0,0.0
3,uniform,pedestrian,20,random,0.7547610857481377,58.623333333333335,1.234258265019904,1.0,136.0
3,uniform,pedestrian,20,reactive,1.023246572501696,67.74333333333334,2.0105381309506343,1.0,0.6666666666666667
3,uniform,pedestrian,20,cv,1.0233447802604816,67.75,2.0107263566715248,1.0,0.6666666666666667
3,uniform,pedestrian,20,oracle,1.0233447802604816,67.75,2.0107263566715248,1.0,0.6666666666666667
3,uniform,pedestrian,20,learned GAT-LSTM,1.0232074560065099,67.74333333333334,2.010386844645985,1.0,1.3333333333333335
3,uniform,pedestrian,20,learned LSTM (no graph attention),1.0230574175850673,67.74333333333334,2.0098065585485863,1.0,2.0
3,uniform,pedestrian,21,none,0.3495297690723781,27.586666666666666,0.5589906949836299,1.0,0.0
3,uniform,pedestrian,21,static,0.9836904176901646,66.96333333333334,1.879968719520341,1.0,0.0
3,uniform,pedestrian,21,random,0.7318236987370494,57.95,1.1648977073586597,1.0,132.33333333333331
3,uniform,pedestrian,21,reactive,0.9836316022889324,66.97,1.8795496450853648,1.0,0.6666666666666667
3,uniform,pedestrian,21,cv,0.9836962612769597,66.97,1.8797997191094935,1.0,0.6666666666666667
3,uniform,pedestrian,21,oracle,0.9836962612769597,66.97,1.8797997191094935,1.0,0.6666666666666667
3,uniform,pedestrian,21,learned GAT-LSTM,0.9836904176901646,66.96333333333334,1.879968719520341,1.0,0.0
3,uniform,pedestrian,21,learned LSTM (no graph attention),0.9836904176901646,66.96333333333334,1.879968719520341,1.0,0.0
3,uniform,pedestrian,22,none,0.39771429536841973,29.903333333333332,0.6787670285998756,1.0,0.0
3,uniform,pedestrian,22,static,1.022401350388278,68.83666666666667,1.9758466049627033,1.0,0.0
3,uniform,pedestrian,22,random,0.774558871245993,59.666666666666664,1.2808422983913976,1.0,132.0
3,uniform,pedestrian,22,reactive,1.024015497571365,68.76333333333334,1.984197064364547,1.0,0.6666666666666667
3,uniform,pedestrian,22,cv,1.0256245997713136,68.79666666666667,1.989462396358277,1.0,1.3333333333333335
3,uniform,pedestrian,22,oracle,1.0256245997713136,68.79666666666667,1.989462396358277,1.0,1.3333333333333335
3,uniform,pedestrian,22,learned GAT-LSTM,1.024744645491392,68.8,1.9859632993705911,1.0,0.6666666666666667
3,uniform,pedestrian,22,learned LSTM (no graph attention),1.0251736016679884,68.8,1.9876223231278345,1.0,1.3333333333333335
3,uniform,pedestrian,23,none,0.3705398595906102,28.77,0.6062397986769258,1.0,0.0
3,uniform,pedestrian,23,static,0.9984238269959798,68.50333333333333,1.8926915837187122,1.0,0.0
3,uniform,pedestrian,23,random,0.742726065744753,59.10666666666667,1.173820751992845,1.0,135.0
3,uniform,pedestrian,23,reactive,0.9984238269959798,68.50333333333333,1.8926915837187122,1.0,0.0
3,uniform,pedestrian,23,cv,0.9984238269959798,68.50333333333333,1.8926915837187122,1.0,0.0
3,uniform,pedestrian,23,oracle,0.9984238269959798,68.50333333333333,1.8926915837187122,1.0,0.0
3,uniform,pedestrian,23,learned GAT-LSTM,0.9984238269959798,68.50333333333333,1.8926915837187122,1.0,0.0
3,uniform,pedestrian,23,learned LSTM (no graph attention),0.9984238269959798,68.50333333333333,1.8926915837187122,1.0,0.0
3,uniform,pedestrian,24,none,0.33795840868334676,27.226666666666667,0.5245839468200503,1.0,0.0
3,uniform,pedestrian,24,static,0.9823289833263729,67.01666666666667,1.8731704509144333,1.0,0.0
3,uniform,pedestrian,24,random,0.7364589536788149,58.2,1.1756399057302713,1.0,136.0
3,uniform,pedestrian,24,reactive,0.9843034178972881,67.12666666666667,1.8776453251437393,1.0,1.3333333333333335
3,uniform,pedestrian,24,cv,0.9850681310154279,67.14666666666666,1.8800281139413642,1.0,2.0
3,uniform,pedestrian,24,oracle,0.9850681475675839,67.14666666666666,1.8800281779582064,1.0,1.3333333333333335
3,uniform,pedestrian,24,learned GAT-LSTM,0.9843406990065585,67.12333333333333,1.877885313425277,1.0,2.666666666666667
3,uniform,pedestrian,24,learned LSTM (no graph attention),0.9844593618697592,67.13,1.878152650966985,1.0,2.666666666666667
3,uniform,pedestrian,25,none,0.3606464414618442,28.25,0.5829210552984171,1.0,0.0
3,uniform,pedestrian,25,static,1.00231157110379,67.59333333333333,1.933881290381461,1.0,0.0
3,uniform,pedestrian,25,random,0.7396687134567828,58.00666666666667,1.1936103472576212,1.0,130.33333333333331
3,uniform,pedestrian,25,reactive,1.00231157110379,67.59333333333333,1.933881290381461,1.0,0.0
3,uniform,pedestrian,25,cv,1.00231157110379,67.59333333333333,1.933881290381461,1.0,0.0
3,uniform,pedestrian,25,oracle,1.00231157110379,67.59333333333333,1.933881290381461,1.0,0.0
3,uniform,pedestrian,25,learned GAT-LSTM,1.00231157110379,67.59333333333333,1.933881290381461,1.0,0.0
3,uniform,pedestrian,25,learned LSTM (no graph attention),1.00231157110379,67.59333333333333,1.933881290381461,1.0,0.0
3,uniform,pedestrian,26,none,0.36328857947026744,28.43,0.5879665180289758,1.0,0.0
3,uniform,pedestrian,26,static,1.0245684508757393,67.61,2.019482625106629,1.0,0.0
3,uniform,pedestrian,26,random,0.7361304579385414,57.43,1.1964993330837843,1.0,128.0
3,uniform,pedestrian,26,reactive,1.0245684508757393,67.61,2.019482625106629,1.0,0.0
3,uniform,pedestrian,26,cv,1.0245684508757393,67.61,2.019482625106629,1.0,0.0
3,uniform,pedestrian,26,oracle,1.0245684508757393,67.61,2.019482625106629,1.0,0.0
3,uniform,pedestrian,26,learned GAT-LSTM,1.0245684508757393,67.61,2.019482625106629,1.0,0.0
3,uniform,pedestrian,26,learned LSTM (no graph attention),1.0245684508757393,67.61,2.019482625106629,1.0,0.0
3,uniform,pedestrian,27,none,0.3512631832252636,27.903333333333332,0.5565937726011863,1.0,0.0
3,uniform,pedestrian,27,static,1.000023302506164,66.55666666666667,1.95482517169291,1.0,0.0
3,uniform,pedestrian,27,random,0.7402638798474637,57.87,1.19984002274703,1.0,129.33333333333331
3,uniform,pedestrian,27,reactive,1.000023302506164,66.55666666666667,1.95482517169291,1.0,0.0
3,uniform,pedestrian,27,cv,1.000023302506164,66.55666666666667,1.95482517169291,1.0,0.0
3,uniform,pedestrian,27,oracle,1.000023302506164,66.55666666666667,1.95482517169291,1.0,0.0
3,uniform,pedestrian,27,learned GAT-LSTM,1.000023302506164,66.55666666666667,1.95482517169291,1.0,0.0
3,uniform,pedestrian,27,learned LSTM (no graph attention),1.000023302506164,66.55666666666667,1.95482517169291,1.0,0.0
3,uniform,pedestrian,28,none,0.3736908226231824,28.893333333333334,0.6148817928305603,1.0,0.0
3,uniform,pedestrian,28,static,1.0206090545668887,69.07,1.962208717584215,1.0,0.0
3,uniform,pedestrian,28,random,0.7777712566461351,60.2,1.2779383890323777,1.0,124.33333333333334
3,uniform,pedestrian,28,reactive,1.0202690326935955,69.13,1.9591692459283225,1.0,1.3333333333333335
3,uniform,pedestrian,28,cv,1.021418466536094,69.16333333333333,1.9626567722461592,1.0,1.3333333333333335
3,uniform,pedestrian,28,oracle,1.0214302330636278,69.15666666666667,1.9628938812415975,1.0,1.3333333333333335
3,uniform,pedestrian,28,learned GAT-LSTM,1.021237375934875,69.15666666666667,1.9621479902256593,1.0,1.3333333333333335
3,uniform,pedestrian,28,learned LSTM (no graph attention),1.0213889627741521,69.16666666666667,1.9624468635034893,1.0,1.3333333333333335
3,uniform,pedestrian,29,none,0.39020877201386694,29.753333333333334,0.6540498134210486,1.0,0.0
3,uniform,pedestrian,29,static,1.0172503973742213,69.44666666666667,1.9383933762309653,1.0,0.0
3,uniform,pedestrian,29,random,0.7897949893295398,60.96666666666667,1.3024070655873266,1.0,129.0
3,uniform,pedestrian,29,reactive,1.0172503973742213,69.44666666666667,1.9383933762309653,1.0,0.0
3,uniform,pedestrian,29,cv,1.0172503973742213,69.44666666666667,1.9383933762309653,1.0,0.0
3,uniform,pedestrian,29,oracle,1.0172503973742213,69.44666666666667,1.9383933762309653,1.0,0.0
3,uniform,pedestrian,29,learned GAT-LSTM,1.0172503973742213,69.44666666666667,1.9383933762309653,1.0,0.0
3,uniform,pedestrian,29,learned LSTM (no graph attention),1.0172503973742213,69.44666666666667,1.9383933762309653,1.0,0.0
3,uniform,vehicular,30,none,0.3640832348979305,28.453333333333333,0.5903693107188712,1.0,0.0
3,uniform,vehicular,30,static,0.9985058750646192,67.7,1.9160968283117532,1.0,0.0
3,uniform,vehicular,30,random,0.7356489606491845,58.15,1.173944197465568,1.0,127.33333333333334
3,uniform,vehicular,30,reactive,0.998376033386769,67.69333333333333,1.9157862557728758,1.0,0.6666666666666667
3,uniform,vehicular,30,cv,0.9984674075516743,67.69666666666667,1.916043852484857,1.0,1.3333333333333335
3,uniform,vehicular,30,oracle,0.9985170385479281,67.69666666666667,1.9162358044985437,1.0,0.6666666666666667
3,uniform,vehicular,30,learned GAT-LSTM,0.9976290188045961,67.69,1.9129929151136071,1.0,1.3333333333333335
3,uniform,vehicular,30,learned LSTM (no graph attention),0.9985170385479281,67.69666666666667,1.9162358044985437,1.0,0.6666666666666667
3,uniform,vehicular,31,none,0.3758142921126557,28.746666666666666,0.6273097093602604,1.0,0.0
3,uniform,vehicular,31,static,1.0020999341733334,68.08666666666667,1.9188842951586427,1.0,0.0
3,uniform,vehicular,31,random,0.7449032262568803,58.45,1.2011137972098345,1.0,130.66666666666666
3,uniform,vehicular,31,reactive,1.0020146766464342,68.1,1.9181713526295523,1.0,1.3333333333333335
3,uniform,vehicular,31,cv,1.0023566088044549,68.12666666666667,1.9187273998645173,1.0,1.3333333333333335
3,uniform,vehicular,31,oracle,1.0023566088044549,68.12666666666667,1.9187273998645173,1.0,1.3333333333333335
3,uniform,vehicular,31,learned GAT-LSTM,1.0021494078777922,68.11,1.9184050354392026,1.0,1.3333333333333335
3,uniform,vehicular,31,learned LSTM (no graph attention),1.002290315980876,68.12333333333333,1.9185668073301043,1.0,0.6666666666666667
3,uniform,vehicular,32,none,0.37268531637417396,29.05,0.606490290836938,1.0,0.0
3,uniform,vehicular,32,static,0.9920105464758513,68.17,1.87746773538409,1.0,0.0
3,uniform,vehicular,32,random,0.7237341102621309,58.21,1.1261381120201113,1.0,129.66666666666666
3,uniform,vehicular,32,reactive,0.9920105464758513,68.17,1.87746773538409,1.0,0.0
3,uniform,vehicular,32,cv,0.9920105464758513,68.17,1.87746773538409,1.0,0.0
3,uniform,vehicular,32,oracle,0.9920105464758513,68.17,1.87746773538409,1.0,0.0
3,uniform,vehicular,32,learned GAT-LSTM,0.9919034422646948,68.15666666666667,1.877436702862044,1.0,0.6666666666666667
3,uniform,vehicular,32,learned LSTM (no graph attention),0.9920105464758513,68.17,1.87746773538409,1.0,0.0
3,uniform,vehicular,33,none,0.3603145833000325,28.13,0.5850863836592491,1.0,0.0
3,uniform,vehicular,33,static,0.9918729826277847,67.11666666666666,1.9072086489536528,1.0,0.0
3,uniform,vehicular,33,random,0.7391345332294165,58.193333333333335,1.1861795335638528,1.0,129.0
3,uniform,vehicular,33,reactive,0.9918729826277847,67.11666666666666,1.9072086489536528,1.0,0.0
3,uniform,vehicular,33,cv,0.9918729826277847,67.11666666666666,1.9072086489536528,1.0,0.0
3,uniform,vehicular,33,oracle,0.9918729826277847,67.11666666666666,1.9072086489536528,1.0,0.0
3,uniform,vehicular,33,learned GAT-LSTM,0.9918632911016569,67.12,1.9070753656839163,1.0,0.6666666666666667
3,uniform,vehicular,33,learned LSTM (no graph attention),0.9918729826277847,67.11666666666666,1.9072086489536528,1.0,0.0
3,uniform,vehicular,34,none,0.36665330306569077,28.493333333333332,0.5991596576992088,1.0,0.0
3,uniform,vehicular,34,static,0.9899115327994488,67.62333333333333,1.8850609045996491,1.0,0.0
3,uniform,vehicular,34,random,0.734684445765666,58.623333333333335,1.1566101869322707,1.0,129.0
3,uniform,vehicular,34,reactive,0.9875363368525437,67.60666666666667,1.8763536387778685,1.0,1.6666666666666667
3,uniform,vehicular,34,cv,0.9900232887095111,67.62,1.8855889303791202,1.0,2.0
3,uniform,vehicular,34,oracle,0.9901289444564312,67.61333333333333,1.886189163754179,1.0,1.6666666666666667
3,uniform,vehicular,34,learned GAT-LSTM,0.9883339448535291,67.53666666666666,1.881450264367129,1.0,1.6666666666666667
3,uniform,vehicular,34,learned LSTM (no graph attention),0.9900131096660573,67.62,1.8855495620803584,1.0,2.0
3,uniform,vehicular,35,none,0.3664439146113383,28.596666666666668,0.595380015373404,1.0,0.0
3,uniform,vehicular,35,static,1.0015818080188192,68.14666666666666,1.9151559903539725,1.0,0.0
3,uniform,vehicular,35,random,0.7506902854362791,59.36,1.1973421984467938,1.0,136.0
3,uniform,vehicular,35,reactive,1.0015818080188192,68.14666666666666,1.9151559903539725,1.0,0.0
3,uniform,vehicular,35,cv,1.0015818080188192,68.14666666666666,1.9151559903539725,1.0,0.0
3,uniform,vehicular,35,oracle,1.0015818080188192,68.14666666666666,1.9151559903539725,1.0,0.0
3,uniform,vehicular,35,learned GAT-LSTM,1.0015818080188192,68.14666666666666,1.9151559903539725,1.0,0.0
3,uniform,vehicular,35,learned LSTM (no graph attention),1.0015818080188192,68.14666666666666,1.9151559903539725,1.0,0.0
3,uniform,vehicular,36,none,0.3633719386993937,28.42,0.5885763182483899,1.0,0.0
3,uniform,vehicular,36,static,0.9815953948119106,67.21666666666667,1.864585207114507,1.0,0.0
3,uniform,vehicular,36,random,0.7344974549756879,58.14666666666667,1.1695864538049867,1.0,130.66666666666666
3,uniform,vehicular,36,reactive,0.9815953948119106,67.21666666666667,1.864585207114507,1.0,0.0
3,uniform,vehicular,36,cv,0.9815953948119106,67.21666666666667,1.864585207114507,1.0,0.0
3,uniform,vehicular,36,oracle,0.9815953948119106,67.21666666666667,1.864585207114507,1.0,0.0
3,uniform,vehicular,36,learned GAT-LSTM,0.9809096164030412,67.17,1.8632741087613525,1.0,0.6666666666666667
3,uniform,vehicular,36,learned LSTM (no graph attention),0.9815953948119106,67.21666666666667,1.864585207114507,1.0,0.0
3,uniform,vehicular,37,none,0.3899357701198951,29.63,0.6565385737870106,1.0,0.0
3,uniform,vehicular,37,static,1.00794933014119,68.4,1.9325020759088685,1.0,0.0
3,uniform,vehicular,37,random,0.7575284116641402,59.45333333333333,1.2211068078675436,1.0,129.0
3,uniform,vehicular,37,reactive,1.0069115715012067,68.38333333333334,1.9289674603181948,1.0,1.3333333333333335
3,uniform,vehicular,37,cv,1.007197328865085,68.40333333333334,1.9294978478255695,1.0,2.0
3,uniform,vehicular,37,oracle,1.008202061733846,68.39,1.9337669378577729,1.0,0.6666666666666667
3,uniform,vehicular,37,learned GAT-LSTM,1.0076308060408798,68.41333333333333,1.9308869554693684,1.0,2.0
3,uniform,vehicular,37,learned LSTM (no graph attention),1.0078872781171806,68.40333333333334,1.9321662840504563,1.0,0.6666666666666667
3,uniform,vehicular,38,none,0.3620690861811101,28.376666666666665,0.5847828338723849,1.0,0.0
3,uniform,vehicular,38,static,0.9800402891488481,67.16666666666667,1.86000771365092,1.0,0.0
3,uniform,vehicular,38,random,0.7253535111213606,57.806666666666665,1.143993138453104,1.0,135.33333333333331
3,uniform,vehicular,38,reactive,0.9800402891488481,67.16666666666667,1.86000771365092,1.0,0.0
3,uniform,vehicular,38,cv,0.9798813496943952,67.15,1.85987200449093,1.0,0.6666666666666667
3,uniform,vehicular,38,oracle,0.9800402891488481,67.16666666666667,1.86000771365092,1.0,0.0
3,uniform,vehicular,38,learned GAT-LSTM,0.9799796821985073,67.16666666666667,1.859773311220193,1.0,0.6666666666666667
3,uniform,vehicular,38,learned LSTM (no graph attention),0.9799796821985073,67.16666666666667,1.859773311220193,1.0,0.6666666666666667
3,uniform,vehicular,39,none,0.3742168136919265,28.893333333333334,0.6169161071189525,1.0,0.0
3,uniform,vehicular,39,static,1.0018141181527858,67.89666666666666,1.9232395055194391,1.0,0.0
3,uniform,vehicular,39,random,0.7371062855453978,58.43333333333333,1.1714374817254274,1.0,132.33333333333331
3,uniform,vehicular,39,reactive,1.0017631195480177,67.89666666666666,1.9230422641658644,1.0,0.6666666666666667
3,uniform,vehicular,39,cv,1.0018447900846796,67.90333333333334,1.9231665308021688,1.0,0.6666666666666667
3,uniform,vehicular,39,oracle,1.0018718287193418,67.90333333333334,1.9232711049748124,1.0,0.6666666666666667
3,uniform,vehicular,39,learned GAT-LSTM,1.0012405244354283,67.86666666666666,1.9218832883845975,1.0,2.0
3,uniform,vehicular,39,learned LSTM (no graph attention),1.0018447900846796,67.90333333333334,1.9231665308021688,1.0,0.6666666666666667
3,uniform,vehicular,40,none,0.3625447632748282,28.376666666666665,0.5866225546697776,1.0,0.0
3,uniform,vehicular,40,static,0.999894172858637,67.54666666666667,1.9258730080182704,1.0,0.0
3,uniform,vehicular,40,random,0.7461088737607033,58.79666666666667,1.1958134889704446,1.0,140.0
3,uniform,vehicular,40,reactive,0.999894172858637,67.54666666666667,1.9258730080182704,1.0,0.0
3,uniform,vehicular,40,cv,0.999894172858637,67.54666666666667,1.9258730080182704,1.0,0.0
3,uniform,vehicular,40,oracle,0.999894172858637,67.54666666666667,1.9258730080182704,1.0,0.0
3,uniform,vehicular,40,learned GAT-LSTM,0.999894172858637,67.54666666666667,1.9258730080182704,1.0,0.0
3,uniform,vehicular,40,learned LSTM (no graph attention),0.999894172858637,67.54666666666667,1.9258730080182704,1.0,0.0
3,uniform,vehicular,41,none,0.3647000984302268,28.346666666666668,0.5958206973477507,1.0,0.0
3,uniform,vehicular,41,static,0.9833694978566666,67.18,1.8725005038068017,1.0,0.0
3,uniform,vehicular,41,random,0.7163913652820669,57.82,1.108948090678425,1.0,129.0
3,uniform,vehicular,41,reactive,0.9833694978566666,67.18,1.8725005038068017,1.0,0.0
3,uniform,vehicular,41,cv,0.9832868961570341,67.18,1.8721810348504009,1.0,0.6666666666666667
3,uniform,vehicular,41,oracle,0.9833694978566666,67.18,1.8725005038068017,1.0,0.0
3,uniform,vehicular,41,learned GAT-LSTM,0.9822056215026959,67.11666666666666,1.8698193242360905,1.0,0.6666666666666667
3,uniform,vehicular,41,learned LSTM (no graph attention),0.9831215337222674,67.16333333333333,1.872020484278831,1.0,0.6666666666666667
3,uniform,vehicular,42,none,0.3567973888445993,28.09,0.5726329468387644,1.0,0.0
3,uniform,vehicular,42,static,0.9783890616254287,67.07666666666667,1.8562080667010044,1.0,0.0
3,uniform,vehicular,42,random,0.7156964777760346,57.64666666666667,1.1112421805575272,1.0,128.66666666666666
3,uniform,vehicular,42,reactive,0.9783890616254287,67.07666666666667,1.8562080667010044,1.0,0.0
3,uniform,vehicular,42,cv,0.9783890616254287,67.07666666666667,1.8562080667010044,1.0,0.0
3,uniform,vehicular,42,oracle,0.9783890616254287,67.07666666666667,1.8562080667010044,1.0,0.0
3,uniform,vehicular,42,learned GAT-LSTM,0.9771413656737783,67.01333333333334,1.8532027078517095,1.0,0.6666666666666667
3,uniform,vehicular,42,learned LSTM (no graph attention),0.9783890616254287,67.07666666666667,1.8562080667010044,1.0,0.0
3,uniform,vehicular,43,none,0.3590698920192439,28.26,0.5765362175031562,1.0,0.0
3,uniform,vehicular,43,static,0.988472503125743,67.3,1.8887879844556403,1.0,0.0
3,uniform,vehicular,43,random,0.7141336937632263,57.46666666666667,1.1103712093459122,1.0,137.66666666666666
3,uniform,vehicular,43,reactive,0.988472503125743,67.3,1.8887879844556403,1.0,0.0
3,uniform,vehicular,43,cv,0.988472503125743,67.3,1.8887879844556403,1.0,0.0
3,uniform,vehicular,43,oracle,0.988472503125743,67.3,1.8887879844556403,1.0,0.0
3,uniform,vehicular,43,learned GAT-LSTM,0.988472503125743,67.3,1.8887879844556403,1.0,0.0
3,uniform,vehicular,43,learned LSTM (no graph attention),0.988472503125743,67.3,1.8887879844556403,1.0,0.0
3,uniform,vehicular,44,none,0.37542316417914406,28.933333333333334,0.6204321623333016,1.0,0.0
3,uniform,vehicular,44,static,1.0172837224251001,68.32333333333334,1.9708070270391158,1.0,0.0
3,uniform,vehicular,44,random,0.744517854574047,58.74,1.1912886979314536,1.0,128.0
3,uniform,vehicular,44,reactive,1.0162400226894113,68.33,1.9665788303717355,1.0,1.6666666666666667
3,uniform,vehicular,44,cv,1.0173568281351169,68.33666666666667,1.9707065675249615,1.0,1.3333333333333335
3,uniform,vehicular,44,oracle,1.0174231884766292,68.35,1.970580019736035,1.0,1.6666666666666667
3,uniform,vehicular,44,learned GAT-LSTM,1.0172370519272136,68.33,1.9704349240298435,1.0,1.3333333333333335
3,uniform,vehicular,44,learned LSTM (no graph attention),1.0173102192784356,68.33333333333333,1.9706221043727594,1.0,2.0
3,uniform,vehicular,45,none,0.365138980034701,28.32,0.5982845124032407,1.0,0.0
3,uniform,vehicular,45,static,0.9785173166155873,67.03666666666666,1.8578537093810208,1.0,0.0
3,uniform,vehicular,45,random,0.721783582787159,57.723333333333336,1.1325811552653962,1.0,131.66666666666666
3,uniform,vehicular,45,reactive,0.9785173166155873,67.03666666666666,1.8578537093810208,1.0,0.0
3,uniform,vehicular,45,cv,0.9785173166155873,67.03666666666666,1.8578537093810208,1.0,0.0
3,uniform,vehicular,45,oracle,0.9785173166155873,67.03666666666666,1.8578537093810208,1.0,0.0
3,uniform,vehicular,45,learned GAT-LSTM,0.9785173166155873,67.03666666666666,1.8578537093810208,1.0,0.0
3,uniform,vehicular,45,learned LSTM (no graph attention),0.9785173166155873,67.03666666666666,1.8578537093810208,1.0,0.0
3,uniform,vehicular,46,none,0.3682478544241335,28.613333333333333,0.6018779004946229,1.0,0.0
3,uniform,vehicular,46,static,1.0280063807820579,68.54,2.0060507702214885,1.0,0.0
3,uniform,vehicular,46,random,0.7598014237208486,59.233333333333334,1.23622070340404,1.0,131.0
3,uniform,vehicular,46,reactive,1.0280063807820579,68.54,2.0060507702214885,1.0,0.0
3,uniform,vehicular,46,cv,1.0280063807820579,68.54,2.0060507702214885,1.0,0.0
3,uniform,vehicular,46,oracle,1.0280063807820579,68.54,2.0060507702214885,1.0,0.0
3,uniform,vehicular,46,learned GAT-LSTM,1.0280063807820579,68.54,2.0060507702214885,1.0,0.0
3,uniform,vehicular,46,learned LSTM (no graph attention),1.0280063807820579,68.54,2.0060507702214885,1.0,0.0
3,uniform,vehicular,47,none,0.35760210009209875,28.06,0.5766074390075318,1.0,0.0
3,uniform,vehicular,47,static,0.9839852364878037,67.12333333333333,1.8765105325138507,1.0,0.0
3,uniform,vehicular,47,random,0.7242491144816455,57.92,1.1364645759361858,1.0,128.33333333333334
3,uniform,vehicular,47,reactive,0.9841192505755078,67.22333333333333,1.8741548286195098,1.0,1.3333333333333335
3,uniform,vehicular,47,cv,0.9845798799980892,67.24,1.8754573488705955,1.0,1.3333333333333335
3,uniform,vehicular,47,oracle,0.9845940960714282,67.24666666666667,1.8753207297491234,1.0,1.3333333333333335
3,uniform,vehicular,47,learned GAT-LSTM,0.9842773392811561,67.20666666666666,1.8752452522861807,1.0,0.6666666666666667
3,uniform,vehicular,47,learned LSTM (no graph attention),0.9845582299723894,67.23666666666666,1.8754694160769956,1.0,0.6666666666666667
3,uniform,vehicular,48,none,0.3487350057716056,27.413333333333334,0.560898506904079,1.0,0.0
3,uniform,vehicular,48,static,0.9861517014412626,67.17333333333333,1.8834525089766725,1.0,0.0
3,uniform,vehicular,48,random,0.7266916844365449,57.8,1.1493602362272108,1.0,134.0
3,uniform,vehicular,48,reactive,0.9859330920992839,67.18333333333334,1.8823196176756187,1.0,2.666666666666667
3,uniform,vehicular,48,cv,0.9863269320641882,67.2,1.883363824133675,1.0,3.3333333333333335
3,uniform,vehicular,48,oracle,0.9863704716702761,67.21333333333334,1.8831490152488786,1.0,2.666666666666667
3,uniform,vehicular,48,learned GAT-LSTM,0.9860464523313757,67.16333333333333,1.883332850728511,1.0,3.3333333333333335
3,uniform,vehicular,48,learned LSTM (no graph attention),0.9861352300564145,67.17333333333333,1.8833888045232372,1.0,2.666666666666667
3,uniform,vehicular,49,none,0.35797286474130297,28.13,0.5760295920015692,1.0,0.0
3,uniform,vehicular,49,static,0.9985201170162324,67.28666666666666,1.9280311703686963,1.0,0.0
3,uniform,vehicular,49,random,0.737390831128273,58.21333333333333,1.178860817478531,1.0,132.0
3,uniform,vehicular,49,reactive,0.9985201170162324,67.28666666666666,1.9280311703686963,1.0,0.0
3,uniform,vehicular,49,cv,0.9985201170162324,67.28666666666666,1.9280311703686963,1.0,0.0
3,uniform,vehicular,49,oracle,0.9985201170162324,67.28666666666666,1.9280311703686963,1.0,0.0
3,uniform,vehicular,49,learned GAT-LSTM,0.9985201170162324,67.28666666666666,1.9280311703686963,1.0,0.0
3,uniform,vehicular,49,learned LSTM (no graph attention),0.9985201170162324,67.28666666666666,1.9280311703686963,1.0,0.0
3,uniform,vehicular,50,none,0.378718078226131,29.10333333333333,0.6282896922423977,1.0,0.0
3,uniform,vehicular,50,static,0.9884660929407488,67.63,1.8792789445301408,1.0,0.0
3,uniform,vehicular,50,random,0.7321116122058197,58.81,1.141294711597299,1.0,133.0
3,uniform,vehicular,50,reactive,0.988201792081583,67.61333333333333,1.8787357413578207,1.0,0.6666666666666667
3,uniform,vehicular,50,cv,0.9884722530083638,67.63,1.8793027691049504,1.0,0.6666666666666667
3,uniform,vehicular,50,oracle,0.9885076755037299,67.63333333333334,1.8793439680726234,1.0,0.6666666666666667
3,uniform,vehicular,50,learned GAT-LSTM,0.9884108965617338,67.62666666666667,1.8791612684197283,1.0,1.3333333333333335
3,uniform,vehicular,50,learned LSTM (no graph attention),0.988413609165691,67.62666666666667,1.8791717596415705,1.0,0.6666666666666667
3,uniform,vehicular,51,none,0.37671990958594914,29.06,0.6218070148253317,1.0,0.0
3,uniform,vehicular,51,static,0.9891425191398487,67.63,1.88189507922071,1.0,0.0
3,uniform,vehicular,51,random,0.7421622502888015,58.82333333333333,1.1797831899479612,1.0,132.33333333333331
3,uniform,vehicular,51,reactive,0.9891425191398487,67.63,1.88189507922071,1.0,0.0
3,uniform,vehicular,51,cv,0.9891425191398487,67.63,1.88189507922071,1.0,0.0
3,uniform,vehicular,51,oracle,0.9891425191398487,67.63,1.88189507922071,1.0,0.0
3,uniform,vehicular,51,learned GAT-LSTM,0.9885053533156336,67.58666666666667,1.8806761936046603,1.0,0.6666666666666667
3,uniform,vehicular,51,learned LSTM (no graph attention),0.9891425191398487,67.63,1.88189507922071,1.0,0.0
3,uniform,vehicular,52,none,0.35371925452305564,27.956666666666667,0.5645600252483086,1.0,0.0
3,uniform,vehicular,52,static,0.9889498767856503,67.15,1.8949452886827256,1.0,0.0
3,uniform,vehicular,52,random,0.7272043798730142,58.03333333333333,1.1446370946098567,1.0,136.33333333333331
3,uniform,vehicular,52,reactive,0.9889498767856503,67.15,1.8949452886827256,1.0,0.0
3,uniform,vehicular,52,cv,0.9889498767856503,67.15,1.8949452886827256,1.0,0.0
3,uniform,vehicular,52,oracle,0.9889498767856503,67.15,1.8949452886827256,1.0,0.0
3,uniform,vehicular,52,learned GAT-LSTM,0.9889498767856503,67.15,1.8949452886827256,1.0,0.0
3,uniform,vehicular,52,learned LSTM (no graph attention),0.9889498767856503,67.15,1.8949452886827256,1.0,0.0
3,uniform,vehicular,53,none,0.3675033795618902,28.58,0.5999565867775299,1.0,0.0
3,uniform,vehicular,53,static,1.003154488072795,67.81,1.9309143104823256,1.0,0.0
3,uniform,vehicular,53,random,0.7500066456571975,58.653333333333336,1.215007867424321,1.0,130.33333333333331
3,uniform,vehicular,53,reactive,1.003154488072795,67.81,1.9309143104823256,1.0,0.0
3,uniform,vehicular,53,cv,1.003154488072795,67.81,1.9309143104823256,1.0,0.0
3,uniform,vehicular,53,oracle,1.003154488072795,67.81,1.9309143104823256,1.0,0.0
3,uniform,vehicular,53,learned GAT-LSTM,1.003154488072795,67.81,1.9309143104823256,1.0,0.0
3,uniform,vehicular,53,learned LSTM (no graph attention),1.003154488072795,67.81,1.9309143104823256,1.0,0.0
3,uniform,vehicular,54,none,0.3586906418108319,28.1,0.5796678589929445,1.0,0.0
3,uniform,vehicular,54,static,0.9769162181295676,66.77333333333333,1.8592295658730114,1.0,0.0
3,uniform,vehicular,54,random,0.7117306435368639,57.263333333333335,1.1069210419292912,1.0,136.33333333333331
3,uniform,vehicular,54,reactive,0.9769162181295676,66.77333333333333,1.8592295658730114,1.0,0.0
3,uniform,vehicular,54,cv,0.9769162181295676,66.77333333333333,1.8592295658730114,1.0,0.0
3,uniform,vehicular,54,oracle,0.9769162181295676,66.77333333333333,1.8592295658730114,1.0,0.0
3,uniform,vehicular,54,learned GAT-LSTM,0.9769162181295676,66.77333333333333,1.8592295658730114,1.0,0.0
3,uniform,vehicular,54,learned LSTM (no graph attention),0.9769162181295676,66.77333333333333,1.8592295658730114,1.0,0.0
3,uniform,vehicular,55,none,0.3700445077862698,28.77,0.6043239842967381,1.0,0.0
3,uniform,vehicular,55,static,1.0033005784356077,67.95666666666666,1.9272641058002613,1.0,0.0
3,uniform,vehicular,55,random,0.7408992934605558,58.7,1.1784432171142027,1.0,134.66666666666666
3,uniform,vehicular,55,reactive,1.003000481311435,67.94666666666667,1.9263908566204657,1.0,2.666666666666667
3,uniform,vehicular,55,cv,1.0035105279995684,67.96666666666667,1.9277887017790807,1.0,2.0
3,uniform,vehicular,55,oracle,1.0035636569230022,67.98333333333333,1.9275151798933252,1.0,2.666666666666667
3,uniform,vehicular,55,learned GAT-LSTM,1.0034859313257165,67.96666666666667,1.9276935720933557,1.0,2.0
3,uniform,vehicular,55,learned LSTM (no graph attention),1.0034277613332532,67.96666666666667,1.927468594800288,1.0,2.0
3,uniform,vehicular,56,none,0.37553295432808803,28.953333333333333,0.6202819819738418,1.0,0.0
3,uniform,vehicular,56,static,0.9959308211959434,67.78,1.9038383812628066,1.0,0.0
3,uniform,vehicular,56,random,0.7482188460064717,58.833333333333336,1.2029201771182525,1.0,130.66666666666666
3,uniform,vehicular,56,reactive,0.9942135143472228,67.88666666666667,1.8941309384094125,1.0,3.3333333333333335
3,uniform,vehicular,56,cv,0.9965949267726046,67.90666666666667,1.9027664464948544,1.0,3.3333333333333335
3,uniform,vehicular,56,oracle,0.9965949267726046,67.90666666666667,1.9027664464948544,1.0,3.3333333333333335
3,uniform,vehicular,56,learned GAT-LSTM,0.9962414927891398,67.86666666666666,1.9025491169309838,1.0,2.666666666666667
3,uniform,vehicular,56,learned LSTM (no graph attention),0.9957995845625666,67.90333333333334,1.8997861947077506,1.0,1.3333333333333335
3,uniform,vehicular,57,none,0.380801542908354,29.32,0.6301206339970594,1.0,0.0
3,uniform,vehicular,57,static,1.0256648477078836,68.64666666666666,1.9939290804253453,1.0,0.0
3,uniform,vehicular,57,random,0.7727402711085916,59.63333333333333,1.2747667156674287,1.0,127.33333333333334
3,uniform,vehicular,57,reactive,1.0255034487479862,68.64333333333333,1.9934006569836735,1.0,1.3333333333333335
3,uniform,vehicular,57,cv,1.025657286758924,68.65,1.993804037340344,1.0,0.6666666666666667
3,uniform,vehicular,57,oracle,1.0257099876437954,68.64,1.9942952638586402,1.0,0.6666666666666667
3,uniform,vehicular,57,learned GAT-LSTM,1.0255665865889734,68.64,1.993740648329727,1.0,0.6666666666666667
3,uniform,vehicular,57,learned LSTM (no graph attention),1.0256648477078836,68.64666666666666,1.9939290804253453,1.0,0.0
3,uniform,vehicular,58,none,0.3649373643918458,28.476666666666667,0.5930021243158791,1.0,0.0
3,uniform,vehicular,58,static,1.000357540713783,67.73666666666666,1.9222044941729026,1.0,0.0
3,uniform,vehicular,58,random,0.7337508338601386,58.29,1.1625794135769456,1.0,125.0
3,uniform,vehicular,58,reactive,1.000357540713783,67.73666666666666,1.9222044941729026,1.0,0.0
3,uniform,vehicular,58,cv,1.000357540713783,67.73666666666666,1.9222044941729026,1.0,0.0
3,uniform,vehicular,58,oracle,1.000357540713783,67.73666666666666,1.9222044941729026,1.0,0.0
3,uniform,vehicular,58,learned GAT-LSTM,1.000357540713783,67.73666666666666,1.9222044941729026,1.0,0.0
3,uniform,vehicular,58,learned LSTM (no graph attention),1.000357540713783,67.73666666666666,1.9222044941729026,1.0,0.0
3,uniform,vehicular,59,none,0.37969472668914706,29.276666666666667,0.6270853363431352,1.0,0.0
3,uniform,vehicular,59,static,1.0074024065685039,68.37333333333333,1.9311532072960675,1.0,0.0
3,uniform,vehicular,59,random,0.7711829041795868,59.75666666666667,1.2651988513567958,1.0,130.66666666666666
3,uniform,vehicular,59,reactive,1.0074024065685039,68.37333333333333,1.9311532072960675,1.0,0.0
3,uniform,vehicular,59,cv,1.0072104498752732,68.34666666666666,1.9311772026684024,1.0,1.3333333333333335
3,uniform,vehicular,59,oracle,1.0074024065685039,68.37333333333333,1.9311532072960675,1.0,0.0
3,uniform,vehicular,59,learned GAT-LSTM,1.0073037874661381,68.35666666666667,1.931250792124178,1.0,1.3333333333333335
3,uniform,vehicular,59,learned LSTM (no graph attention),1.0072165443887409,68.35333333333334,1.9310091727373704,1.0,0.6666666666666667
3,crowd,pedestrian,60,none,0.3950551906255214,30.016666666666666,0.6652255029424694,1.0,0.0
3,crowd,pedestrian,60,static,1.0052008334324483,68.43,1.9210098314961048,1.0,0.0
3,crowd,pedestrian,60,random,0.7605301625331222,58.96666666666667,1.246703200273782,1.0,133.0
3,crowd,pedestrian,60,reactive,1.0213100294485646,70.65333333333334,1.9194145660429793,1.0,2.666666666666667
3,crowd,pedestrian,60,cv,1.0238958459536147,70.67333333333333,1.9288406239392142,1.0,3.3333333333333335
3,crowd,pedestrian,60,oracle,1.023920758801154,70.68,1.928745375483306,1.0,2.666666666666667
3,crowd,pedestrian,60,learned GAT-LSTM,1.0221821668196678,70.68333333333334,1.9219254256358635,1.0,5.666666666666666
3,crowd,pedestrian,60,learned LSTM (no graph attention),1.0226133122921646,70.67,1.9239761186168627,1.0,5.333333333333334
3,crowd,pedestrian,61,none,0.39408449090047554,29.506666666666668,0.6761287150521297,1.0,0.0
3,crowd,pedestrian,61,static,1.023201311258357,67.82,2.0081596681687497,1.0,0.0
3,crowd,pedestrian,61,random,0.7778679698137778,58.70333333333333,1.321326852968176,1.0,134.33333333333331
3,crowd,pedestrian,61,reactive,1.023563723282013,68.02666666666667,2.0036216968083136,1.0,4.666666666666667
3,crowd,pedestrian,61,cv,1.0267626251819615,68.09333333333333,2.014077706768776,1.0,5.0
3,crowd,pedestrian,61,oracle,1.0267626251819615,68.09333333333333,2.014077706768776,1.0,5.0
3,crowd,pedestrian,61,learned GAT-LSTM,1.0242308313303006,68.23666666666666,2.0001663622281347,1.0,4.666666666666667
3,crowd,pedestrian,61,learned LSTM (no graph attention),1.0247348143364587,68.2,2.0031693638340076,1.0,3.3333333333333335
3,crowd,pedestrian,62,none,0.3714914392105392,28.386666666666667,0.6209371679092655,1.0,0.0
3,crowd,pedestrian,62,static,0.9800852830401154,66.43,1.8813536384281564,1.0,0.0
3,crowd,pedestrian,62,random,0.7191349510924738,56.233333333333334,1.1651601682110766,1.0,136.0
3,crowd,pedestrian,62,reactive,0.9815029344457912,66.83,1.8753404651874215,1.0,4.333333333333334
3,crowd,pedestrian,62,cv,0.9823013602320105,66.87,1.8772788376289244,1.0,4.333333333333334
3,crowd,pedestrian,62,oracle,0.9823013602320105,66.87,1.8772788376289244,1.0,4.333333333333334
3,crowd,pedestrian,62,learned GAT-LSTM,0.9819818019540331,66.85,1.8766177222696925,1.0,3.6666666666666665
3,crowd,pedestrian,62,learned LSTM (no graph attention),0.9819421454342391,66.84666666666666,1.8765601478597302,1.0,4.333333333333334
3,crowd,pedestrian,63,none,0.38597809291286306,28.966666666666665,0.6602962238883071,1.0,0.0
3,crowd,pedestrian,63,static,1.0142008819980068,67.46,1.983696210377068,1.0,0.0
3,crowd,pedestrian,63,random,0.7601685725698214,58.03333333333333,1.2721288567200597,1.0,133.66666666666666
3,crowd,pedestrian,63,reactive,1.0104952914942642,67.59,1.965628311413267,1.0,4.0
3,crowd,pedestrian,63,cv,1.0145519683703057,67.61666666666666,1.9805514433891214,1.0,3.3333333333333335
3,crowd,pedestrian,63,oracle,1.014681511007868,67.62666666666667,1.980765058879909,1.0,4.0
3,crowd,pedestrian,63,learned GAT-LSTM,1.0113400707338942,67.63333333333334,1.9676501592135394,1.0,4.666666666666667
3,crowd,pedestrian,63,learned LSTM (no graph attention),1.0107366165340845,67.66333333333333,1.9644540454471515,1.0,3.3333333333333335
3,crowd,pedestrian,64,none,0.3984660642120085,30.086666666666666,0.676405530579034,1.0,0.0
3,crowd,pedestrian,64,static,0.9801936187226412,66.73333333333333,1.8730547915857452,1.0,0.0
3,crowd,pedestrian,64,random,0.762903604417256,58.11333333333334,1.2804076086594183,1.0,135.66666666666666
3,crowd,pedestrian,64,reactive,0.9865483168345016,67.83,1.8661137565424606,1.0,4.333333333333334
3,crowd,pedestrian,64,cv,0.9877738481239332,67.88666666666667,1.869224992683392,1.0,5.0
3,crowd,pedestrian,64,oracle,0.9877834599952348,67.87666666666667,1.8695495688511665,1.0,4.333333333333334
3,crowd,pedestrian,64,learned GAT-LSTM,0.9868684081172063,67.91333333333333,1.8649567241295988,1.0,3.6666666666666665
3,crowd,pedestrian,64,learned LSTM (no graph attention),0.9871972215272206,67.93,1.8657494349680563,1.0,3.6666666666666665
3,crowd,pedestrian,65,none,0.4171114030641361,30.153333333333332,0.7466019225797993,1.0,0.0
3,crowd,pedestrian,65,static,0.9997030917661605,66.68666666666667,1.9498505110638389,1.0,0.0
3,crowd,pedestrian,65,random,0.7600724454282147,57.56333333333333,1.2852649453546654,1.0,139.33333333333334
3,crowd,pedestrian,65,reactive,1.039697204357009,69.24,2.0311479027558397,1.0,2.0
3,crowd,pedestrian,65,cv,1.0418784512491523,69.23,2.0398714583257136,1.0,2.0
3,crowd,pedestrian,65,oracle,1.0418784512491523,69.23,2.0398714583257136,1.0,2.0
3,crowd,pedestrian,65,learned GAT-LSTM,1.041470570864114,69.21666666666667,2.0386771488879645,1.0,2.0
3,crowd,pedestrian,65,learned LSTM (no graph attention),1.0407790475719316,69.21,2.0361942259015957,1.0,2.0
3,crowd,pedestrian,66,none,0.40609131442784907,29.133333333333333,0.7332957598583515,1.0,0.0
3,crowd,pedestrian,66,static,1.014334272718268,68.39,1.9574837748277014,1.0,0.0
3,crowd,pedestrian,66,random,0.7723676563542134,58.123333333333335,1.3167232166958702,1.0,134.66666666666666
3,crowd,pedestrian,66,reactive,1.0348288484718033,69.21666666666667,2.0129897340912257,1.0,6.333333333333334
3,crowd,pedestrian,66,cv,1.0423932526469202,69.3,2.0398506854471807,1.0,6.333333333333334
3,crowd,pedestrian,66,oracle,1.0423932526469202,69.3,2.0398506854471807,1.0,6.333333333333334
3,crowd,pedestrian,66,learned GAT-LSTM,1.0380933556850225,69.23333333333333,2.0251364853404112,1.0,7.000000000000001
3,crowd,pedestrian,66,learned LSTM (no graph attention),1.0371509667639383,69.24666666666667,2.021108515720875,1.0,7.000000000000001
3,crowd,pedestrian,67,none,0.34679740116546387,27.456666666666667,0.5521592533290779,1.0,0.0
3,crowd,pedestrian,67,static,0.9842355014693747,67.10666666666667,1.8779574556085576,1.0,0.0
3,crowd,pedestrian,67,random,0.7319550461834144,57.54666666666667,1.176997563220204,1.0,127.66666666666666
3,crowd,pedestrian,67,reactive,0.9842215927385989,67.10666666666667,1.8779036624332885,1.0,0.6666666666666667
3,crowd,pedestrian,67,cv,0.9842194945038534,67.11,1.8777997468507102,1.0,1.3333333333333335
3,crowd,pedestrian,67,oracle,0.984247311965405,67.11,1.8779073332012481,1.0,0.6666666666666667
3,crowd,pedestrian,67,learned GAT-LSTM,0.9841583111302752,67.12333333333333,1.8771799131156512,1.0,1.3333333333333335
3,crowd,pedestrian,67,learned LSTM (no graph attention),0.9822582190869805,67.13666666666667,1.8694479468670429,1.0,2.0
3,crowd,pedestrian,68,none,0.3762959201940311,27.996666666666666,0.6507275551912236,1.0,0.0
3,crowd,pedestrian,68,static,0.9930651275841069,66.41,1.9321290717016013,1.0,0.0
3,crowd,pedestrian,68,random,0.7318331749281591,56.873333333333335,1.1958779139263593,1.0,132.0
3,crowd,pedestrian,68,reactive,0.9939332420362131,66.56333333333333,1.9310797543803186,1.0,0.6666666666666667
3,crowd,pedestrian,68,cv,0.9940718701662935,66.57666666666667,1.9312327082856435,1.0,0.6666666666666667
3,crowd,pedestrian,68,oracle,0.9940793587713362,66.57333333333334,1.9313574715745176,1.0,0.6666666666666667
3,crowd,pedestrian,68,learned GAT-LSTM,0.9939482192462985,66.55666666666667,1.9313292809580673,1.0,0.6666666666666667
3,crowd,pedestrian,68,learned LSTM (no graph attention),0.9939894362196302,66.56333333333333,1.931297090067259,1.0,0.6666666666666667
3,crowd,pedestrian,69,none,0.3960425032441205,29.436666666666667,0.685713301131329,1.0,0.0
3,crowd,pedestrian,69,static,0.9738568979435456,65.29,1.8900286058866929,1.0,0.0
3,crowd,pedestrian,69,random,0.7402836482139447,56.53666666666667,1.2382366724946308,1.0,132.0
3,crowd,pedestrian,69,reactive,1.0017419675903287,69.60333333333334,1.873910608959944,1.0,2.3333333333333335
3,crowd,pedestrian,69,cv,1.0046077839699705,69.62333333333333,1.8844195897031208,1.0,2.3333333333333335
3,crowd,pedestrian,69,oracle,1.004628433705587,69.61,1.8848826562157572,1.0,2.3333333333333335
3,crowd,pedestrian,69,learned GAT-LSTM,1.002179404183194,69.66666666666667,1.873782222221475,1.0,1.6666666666666667
3,crowd,pedestrian,69,learned LSTM (no graph attention),1.0021195417341058,69.65333333333334,1.873933901150811,1.0,2.3333333333333335
3,crowd,pedestrian,70,none,0.41740147100853187,30.816666666666666,0.7286594880390378,1.0,0.0
3,crowd,pedestrian,70,static,1.000137346002351,67.56,1.9264302984753974,1.0,0.0
3,crowd,pedestrian,70,random,0.7491978774299949,57.92,1.2329559955808387,1.0,130.33333333333331
3,crowd,pedestrian,70,reactive,1.025612793209574,71.36333333333333,1.9156503601567154,1.0,3.0
3,crowd,pedestrian,70,cv,1.0261866188885873,71.37,1.9176780778165934,1.0,3.6666666666666665
3,crowd,pedestrian,70,oracle,1.0261973414635661,71.43,1.915995139541385,1.0,3.0
3,crowd,pedestrian,70,learned GAT-LSTM,1.0259442211914722,71.44666666666667,1.9145371733726537,1.0,3.6666666666666665
3,crowd,pedestrian,70,learned LSTM (no graph attention),1.0258173639055088,71.34666666666666,1.9169205567940906,1.0,3.0
3,crowd,pedestrian,71,none,0.45614692561157627,30.856666666666666,0.8773611564969569,1.0,0.0
3,crowd,pedestrian,71,static,0.994538870839484,67.28666666666666,1.912633369029022,1.0,0.0
3,crowd,pedestrian,71,random,0.7849113198511357,58.663333333333334,1.3497172019674346,1.0,133.33333333333331
3,crowd,pedestrian,71,reactive,1.092257983821353,69.8,2.2183366156867774,1.0,2.3333333333333335
3,crowd,pedestrian,71,cv,1.0956774345350224,69.86666666666666,2.2296456165622947,1.0,2.3333333333333335
3,crowd,pedestrian,71,oracle,1.0956774345350224,69.86666666666666,2.2296456165622947,1.0,2.3333333333333335
3,crowd,pedestrian,71,learned GAT-LSTM,1.094541763212602,69.81666666666666,2.226690320361957,1.0,3.0
3,crowd,pedestrian,71,learned LSTM (no graph attention),1.0950422120046803,69.81666666666666,2.2286258477669443,1.0,2.3333333333333335
3,crowd,pedestrian,72,none,0.4059516697266227,29.503333333333334,0.7221218185208077,1.0,0.0
3,crowd,pedestrian,72,static,1.011694204178969,68.38,1.9475604912136963,1.0,0.0
3,crowd,pedestrian,72,random,0.7985932400635486,59.64666666666667,1.3743720254492984,1.0,132.0
3,crowd,pedestrian,72,reactive,1.1031863340888834,70.41,2.243071432260104,1.0,3.6666666666666665
3,crowd,pedestrian,72,cv,1.1038712728056652,70.46666666666667,2.2440918815795676,1.0,3.6666666666666665
3,crowd,pedestrian,72,oracle,1.1038712728056652,70.46666666666667,2.2440918815795676,1.0,3.6666666666666665
3,crowd,pedestrian,72,learned GAT-LSTM,1.1031791718368955,70.46333333333334,2.2415109238960023,1.0,6.0
3,crowd,pedestrian,72,learned LSTM (no graph attention),1.1033123395636262,70.50666666666666,2.2407805548726483,1.0,6.666666666666667
3,crowd,pedestrian,73,none,0.40199939990179223,29.483333333333334,0.7074108885458755,1.0,0.0
3,crowd,pedestrian,73,static,1.017509324918278,67.62333333333333,1.9917976653006462,1.0,0.0
3,crowd,pedestrian,73,random,0.7874111217395703,58.376666666666665,1.3676242357733273,1.0,128.0
3,crowd,pedestrian,73,reactive,1.0760738524120983,69.29666666666667,2.170209012076262,1.0,4.0
3,crowd,pedestrian,73,cv,1.0783316671222467,69.36666666666666,2.1769294884259702,1.0,4.0
3,crowd,pedestrian,73,oracle,1.0784308426174778,69.36666666666666,2.177313057917918,1.0,4.0
3,crowd,pedestrian,73,learned GAT-LSTM,1.0760830197419209,69.29,2.1704360684579647,1.0,4.666666666666667
3,crowd,pedestrian,73,learned LSTM (no graph attention),1.0760495187578298,69.28333333333333,2.1704981015801224,1.0,4.666666666666667
3,crowd,pedestrian,74,none,0.38587119871925607,28.6,0.67042085502152,1.0,0.0
3,crowd,pedestrian,74,static,0.9629378924614915,64.45,1.8719401645050437,1.0,0.0
3,crowd,pedestrian,74,random,0.7255367225622613,55.44,1.2127200682162818,1.0,122.0
3,crowd,pedestrian,74,reactive,0.979616251606905,66.53,1.8766656057308282,1.0,2.666666666666667
3,crowd,pedestrian,74,cv,0.9822889858162608,66.52666666666667,1.8870984284851853,1.0,2.666666666666667
3,crowd,pedestrian,74,oracle,0.9822889858162608,66.52666666666667,1.8870984284851853,1.0,2.666666666666667
3,crowd,pedestrian,74,learned GAT-LSTM,0.9815275383026013,66.48,1.885494673563865,1.0,2.666666666666667
3,crowd,pedestrian,74,learned LSTM (no graph attention),0.9819590152146156,66.48333333333333,1.8870676459905276,1.0,2.666666666666667
3,crowd,pedestrian,75,none,0.41209744614740895,30.416666666666668,0.7196417880953295,1.0,0.0
3,crowd,pedestrian,75,static,0.9968981929759431,68.3,1.8926348965937942,1.0,0.0
3,crowd,pedestrian,75,random,0.7472358462673254,58.45,1.2101353994738566,1.0,134.33333333333331
3,crowd,pedestrian,75,reactive,1.02555844144451,69.52,1.9684178183024346,1.0,2.0
3,crowd,pedestrian,75,cv,1.0259892583492978,69.58,1.9683596298535755,1.0,2.0
3,crowd,pedestrian,75,oracle,1.0260118915366612,69.58,1.9684471655916909,1.0,2.0
3,crowd,pedestrian,75,learned GAT-LSTM,1.024729230248521,69.59333333333333,1.9631031642381935,1.0,3.3333333333333335
3,crowd,pedestrian,75,learned LSTM (no graph attention),1.0258624265501295,69.60333333333334,1.9671984939075917,1.0,2.0
3,crowd,pedestrian,76,none,0.3848952047847348,28.44333333333333,0.6711487399399895,1.0,0.0
3,crowd,pedestrian,76,static,1.0016556619009134,67.53,1.933164716095725,1.0,0.0
3,crowd,pedestrian,76,random,0.7888067919976118,58.43,1.3714892990376324,1.0,139.66666666666669
3,crowd,pedestrian,76,reactive,1.0319667972142903,68.52666666666667,2.0217512127279664,1.0,5.0
3,crowd,pedestrian,76,cv,1.0397222600243614,68.59,2.049925902184372,1.0,5.0
3,crowd,pedestrian,76,oracle,1.0412525869906695,68.57666666666667,2.0562277711857826,1.0,5.0
3,crowd,pedestrian,76,learned GAT-LSTM,1.0363116880667202,68.47333333333333,2.040088247910507,1.0,4.0
3,crowd,pedestrian,76,learned LSTM (no graph attention),1.0376174090082209,68.53666666666666,2.0433180232431813,1.0,5.333333333333334
3,crowd,pedestrian,77,none,0.39126375523577117,29.11,0.676619542519369,1.0,0.0
3,crowd,pedestrian,77,static,0.9789974093181842,66.31333333333333,1.8804992131277596,1.0,0.0
3,crowd,pedestrian,77,random,0.7340805970199834,56.38333333333333,1.2186526774147444,1.0,125.0
3,crowd,pedestrian,77,reactive,0.9919805996847644,68.15333333333334,1.8778309160984286,1.0,5.0
3,crowd,pedestrian,77,cv,0.9928778042120473,68.21666666666667,1.879480720158073,1.0,5.666666666666666
3,crowd,pedestrian,77,oracle,0.992879943004488,68.21666666666667,1.8794889921160587,1.0,5.0
3,crowd,pedestrian,77,learned GAT-LSTM,0.9921786746981127,68.35333333333334,1.8728489586263926,1.0,4.333333333333334
3,crowd,pedestrian,77,learned LSTM (no graph attention),0.9925438826624293,68.31333333333333,1.8754110366788928,1.0,5.0
3,crowd,pedestrian,78,none,0.4337923504587379,30.29,0.8071890567468694,1.0,0.0
3,crowd,pedestrian,78,static,1.034285422333074,69.59666666666666,1.9999667329430841,1.0,0.0
3,crowd,pedestrian,78,random,0.8426543326925634,60.60666666666667,1.5171914330959229,1.0,128.66666666666666
3,crowd,pedestrian,78,reactive,1.1547349575183956,71.81333333333333,2.402108024716001,1.0,3.0
3,crowd,pedestrian,78,cv,1.1611972552331686,71.85666666666667,2.4258560933180346,1.0,3.0
3,crowd,pedestrian,78,oracle,1.1611972552331686,71.85666666666667,2.4258560933180346,1.0,3.0
3,crowd,pedestrian,78,learned GAT-LSTM,1.1577096311450485,71.80666666666667,2.413804423811758,1.0,3.3333333333333335
3,crowd,pedestrian,78,learned LSTM (no graph attention),1.1599799227616965,71.83333333333333,2.421818561940182,1.0,3.0
3,crowd,pedestrian,79,none,0.4079796761184221,30.69333333333333,0.6957645291376359,1.0,0.0
3,crowd,pedestrian,79,static,1.0109392384299962,68.98666666666666,1.9272049100253648,1.0,0.0
3,crowd,pedestrian,79,random,0.7707633409570801,59.663333333333334,1.2662585692082033,1.0,134.0
3,crowd,pedestrian,79,reactive,1.013684581350976,69.53,1.9222072735056834,1.0,9.666666666666666
3,crowd,pedestrian,79,cv,1.0152880713990837,69.57333333333334,1.9271634985799448,1.0,10.333333333333334
3,crowd,pedestrian,79,oracle,1.0153705832115072,69.57333333333334,1.9274826198900745,1.0,9.666666666666666
3,crowd,pedestrian,79,learned GAT-LSTM,1.0142748620091135,69.62,1.9219036200470563,1.0,9.666666666666666
3,crowd,pedestrian,79,learned LSTM (no graph attention),1.0131201616756371,69.65,1.916575515924222,1.0,9.666666666666666
3,crowd,pedestrian,80,none,0.4167067849128902,30.03,0.7485816461033745,1.0,0.0
3,crowd,pedestrian,80,static,0.9904580102958266,66.51666666666667,1.9189802128266809,1.0,0.0
3,crowd,pedestrian,80,random,0.7387717483149295,56.49666666666667,1.2335388794691937,1.0,132.0
3,crowd,pedestrian,80,reactive,1.0223417676536972,68.44,1.9870164214698078,1.0,2.0
3,crowd,pedestrian,80,cv,1.0232182471617286,68.5,1.9886818702753695,1.0,2.0
3,crowd,pedestrian,80,oracle,1.0232182471617286,68.5,1.9886818702753695,1.0,2.0
3,crowd,pedestrian,80,learned GAT-LSTM,1.0222774608740695,68.40666666666667,1.9877257144895861,1.0,2.666666666666667
3,crowd,pedestrian,80,learned LSTM (no graph attention),1.0223877034595674,68.46666666666667,1.9864276781479107,1.0,2.3333333333333335
3,crowd,pedestrian,81,none,0.37333196146704795,27.97,0.6400306017113693,1.0,0.0
3,crowd,pedestrian,81,static,0.9773647006720095,65.17333333333333,1.9069483422088251,1.0,0.0
3,crowd,pedestrian,81,random,0.7252909020588146,55.53666666666667,1.208991122874493,1.0,132.66666666666666
3,crowd,pedestrian,81,reactive,0.9865966649641238,67.41,1.8783716080545847,1.0,2.666666666666667
3,crowd,pedestrian,81,cv,0.988378392508429,67.47333333333333,1.8834423785885004,1.0,2.666666666666667
3,crowd,pedestrian,81,oracle,0.9884103474609169,67.49666666666667,1.8828953636360029,1.0,2.666666666666667
3,crowd,pedestrian,81,learned GAT-LSTM,0.9874257313567563,67.55,1.877554471048903,1.0,1.6666666666666667
3,crowd,pedestrian,81,learned LSTM (no graph attention),0.9873642596454685,67.55666666666667,1.8771251231134398,1.0,1.6666666666666667
3,crowd,pedestrian,82,none,0.3718863662908623,28.42,0.6215065764525047,1.0,0.0
3,crowd,pedestrian,82,static,0.9637913973223045,65.62,1.8416151954905262,1.0,0.0
3,crowd,pedestrian,82,random,0.7000240229029544,55.57,1.1103113574405854,1.0,133.33333333333331
3,crowd,pedestrian,82,reactive,0.9594993167978169,65.97,1.8149561654995947,1.0,2.666666666666667
3,crowd,pedestrian,82,cv,0.9651010374497608,65.98666666666666,1.8361422844794386,1.0,2.666666666666667
3,crowd,pedestrian,82,oracle,0.9651010374497608,65.98666666666666,1.8361422844794386,1.0,2.666666666666667
3,crowd,pedestrian,82,learned GAT-LSTM,0.9639049461452219,65.99333333333334,1.831324700720977,1.0,1.3333333333333335
3,crowd,pedestrian,82,learned LSTM (no graph attention),0.9646852907126936,65.96,1.8353007532091563,1.0,2.0
3,crowd,pedestrian,83,none,0.3806834290201333,28.78,0.6451834972390196,1.0,0.0
3,crowd,pedestrian,83,static,1.0106730670425068,67.09,1.9806859458884696,1.0,0.0
3,crowd,pedestrian,83,random,0.7673011034670973,57.96,1.3018221249749289,1.0,130.66666666666666
3,crowd,pedestrian,83,reactive,1.0119926041221372,67.99666666666667,1.9597316336177104,1.0,3.6666666666666665
3,crowd,pedestrian,83,cv,1.0163960141536863,68.08333333333333,1.974271376237795,1.0,3.6666666666666665
3,crowd,pedestrian,83,oracle,1.0163960141536863,68.08333333333333,1.974271376237795,1.0,3.6666666666666665
3,crowd,pedestrian,83,learned GAT-LSTM,1.0131596737425506,68.13,1.9604133532304726,1.0,5.0
3,crowd,pedestrian,83,learned LSTM (no graph attention),1.0138331989907108,68.14,1.962730866796979,1.0,5.333333333333334
3,crowd,pedestrian,84,none,0.4069101439864066,30.263333333333332,0.7039862870412111,1.0,0.0
3,crowd,pedestrian,84,static,1.0261264493965163,68.89666666666666,1.988529327056381,1.0,0.0
3,crowd,pedestrian,84,random,0.7800441213743484,59.03666666666667,1.320163251978292,1.0,129.0
3,crowd,pedestrian,84,reactive,1.046549392274779,70.48333333333333,2.0219157296582413,1.0,2.666666666666667
3,crowd,pedestrian,84,cv,1.0474276034418153,70.60333333333334,2.0218634670718676,1.0,3.3333333333333335
3,crowd,pedestrian,84,oracle,1.0481121360128665,70.58666666666667,2.024989956255738,1.0,2.666666666666667
3,crowd,pedestrian,84,learned GAT-LSTM,1.046857483275077,70.63666666666667,2.0187004749712,1.0,4.666666666666667
3,crowd,pedestrian,84,learned LSTM (no graph attention),1.0463383235915675,70.61,2.017458985513312,1.0,4.666666666666667
3,crowd,pedestrian,85,none,0.39545751374722665,29.94,0.6689849322923498,1.0,0.0
3,crowd,pedestrian,85,static,1.000619693865251,68.05,1.9142131477544255,1.0,0.0
3,crowd,pedestrian,85,random,0.7489688918441701,59.11666666666667,1.1976780006828327,1.0,131.33333333333331
3,crowd,pedestrian,85,reactive,0.9989665427311396,68.09666666666666,1.9064782412007129,1.0,4.0
3,crowd,pedestrian,85,cv,1.00092042993923,68.14333333333333,1.9126938560044036,1.0,4.0
3,crowd,pedestrian,85,oracle,1.0009824244454246,68.14333333333333,1.912933624923018,1.0,4.0
3,crowd,pedestrian,85,learned GAT-LSTM,1.0006921961479687,68.11666666666666,1.9125775466771904,1.0,2.666666666666667
3,crowd,pedestrian,85,learned LSTM (no graph attention),1.0007610599675936,68.12666666666667,1.9125564817833334,1.0,3.3333333333333335
3,crowd,pedestrian,86,none,0.42566712736907797,30.84,0.7599569993838358,1.0,0.0
3,crowd,pedestrian,86,static,1.025822389428016,68.02666666666667,2.0123572763391464,1.0,0.0
3,crowd,pedestrian,86,random,0.8025278611258196,59.64,1.3897811012432473,1.0,136.66666666666666
3,crowd,pedestrian,86,reactive,1.0515668129883808,69.96,2.0563616984846362,1.0,3.6666666666666665
3,crowd,pedestrian,86,cv,1.0584322452819965,69.98,2.082339527056928,1.0,4.333333333333334
3,crowd,pedestrian,86,oracle,1.0588840543380755,70.04333333333334,2.0822667270175734,1.0,3.6666666666666665
3,crowd,pedestrian,86,learned GAT-LSTM,1.0525469238184133,69.91333333333333,2.061493565578913,1.0,4.333333333333334
3,crowd,pedestrian,86,learned LSTM (no graph attention),1.055058734479939,69.93666666666667,2.0705375992236674,1.0,4.333333333333334
3,crowd,pedestrian,87,none,0.40119992315446823,30.046666666666667,0.6881285636655328,1.0,0.0
3,crowd,pedestrian,87,static,0.9796821623181646,66.11,1.8889913819908968,1.0,0.0
3,crowd,pedestrian,87,random,0.7521514409410702,57.88333333333333,1.2454329539092435,1.0,130.66666666666666
3,crowd,pedestrian,87,reactive,0.9862696946770431,67.82666666666667,1.8651319626161929,1.0,3.3333333333333335
3,crowd,pedestrian,87,cv,0.9893759627600137,67.81666666666666,1.8774331147221786,1.0,4.0
3,crowd,pedestrian,87,oracle,0.9895542109384322,67.86666666666666,1.8766854971324969,1.0,3.3333333333333335
3,crowd,pedestrian,87,learned GAT-LSTM,0.9883474727074982,67.78333333333333,1.8744133485901606,1.0,3.3333333333333335
3,crowd,pedestrian,87,learned LSTM (no graph attention),0.9886976575577692,67.78666666666666,1.8756719171940897,1.0,4.0
3,crowd,pedestrian,88,none,0.38737817035273303,28.706666666666667,0.6731835778721753,1.0,0.0
3,crowd,pedestrian,88,static,0.9885756798870092,66.67,1.9072933208154503,1.0,0.0
3,crowd,pedestrian,88,random,0.7461829632874543,56.803333333333335,1.2533887263336558,1.0,127.0
3,crowd,pedestrian,88,reactive,0.9919233062351316,67.33,1.9012720486675816,1.0,3.6666666666666665
3,crowd,pedestrian,88,cv,0.9956450441390798,67.40333333333334,1.9135585694709145,1.0,3.6666666666666665
3,crowd,pedestrian,88,oracle,0.9959085664881748,67.39,1.914960966054379,1.0,3.6666666666666665
3,crowd,pedestrian,88,learned GAT-LSTM,0.9936581665336441,67.39333333333333,1.9061615562230194,1.0,3.3333333333333335
3,crowd,pedestrian,88,learned LSTM (no graph attention),0.9938208408214207,67.40666666666667,1.9064075106469636,1.0,2.666666666666667
3,crowd,pedestrian,89,none,0.39131065197043746,28.823333333333334,0.6850397612462612,1.0,0.0
3,crowd,pedestrian,89,static,1.0204335403772489,67.76666666666667,1.9989878914097075,1.0,0.0
3,crowd,pedestrian,89,random,0.7541290971623024,57.83,1.2546145118976184,1.0,136.0
3,crowd,pedestrian,89,reactive,1.0198315085008713,67.89666666666666,1.9929232640519914,1.0,2.666666666666667
3,crowd,pedestrian,89,cv,1.0208918415513684,67.91333333333333,1.9965451880564176,1.0,2.666666666666667
3,crowd,pedestrian,89,oracle,1.0208918415513684,67.91333333333333,1.9965451880564176,1.0,2.666666666666667
3,crowd,pedestrian,89,learned GAT-LSTM,1.020054542995107,67.95,1.9922530607858493,1.0,2.0
3,crowd,pedestrian,89,learned LSTM (no graph attention),1.020753726865623,67.94333333333333,1.9951488136366986,1.0,2.0
3,crowd,vehicular,90,none,0.3998492390676607,28.87,0.7167222515640528,1.0,0.0
3,crowd,vehicular,90,static,0.9934403264473318,65.83666666666667,1.9500578679653422,1.0,0.0
3,crowd,vehicular,90,random,0.7463111820313086,56.376666666666665,1.2661470850715322,1.0,131.0
3,crowd,vehicular,90,reactive,1.0076487524966329,68.20666666666666,1.9368959949436035,1.0,10.666666666666668
3,crowd,vehicular,90,cv,1.017550895750986,68.17666666666666,1.9760555634738461,1.0,12.0
3,crowd,vehicular,90,oracle,1.0209977810672053,68.27,1.98670426608195,1.0,10.666666666666668
3,crowd,vehicular,90,learned GAT-LSTM,1.0170220626098698,68.01333333333334,1.9787044809917431,1.0,10.0
3,crowd,vehicular,90,learned LSTM (no graph attention),1.0171713421424804,68.07666666666667,1.9774616228110573,1.0,8.666666666666668
3,crowd,vehicular,91,none,0.4190627516479022,30.43,0.7461974855872148,1.0,0.0
3,crowd,vehicular,91,static,1.0061332442377067,67.42666666666666,1.953451953923878,1.0,0.0
3,crowd,vehicular,91,random,0.7696433769519199,58.21333333333333,1.3036002260063515,1.0,137.0
3,crowd,vehicular,91,reactive,1.0277891705425495,69.34666666666666,1.9820269741849006,1.0,7.666666666666666
3,crowd,vehicular,91,cv,1.0347135158367875,69.49666666666667,2.004496434786789,1.0,7.666666666666666
3,crowd,vehicular,91,oracle,1.0369201531186532,69.47,2.013797192228943,1.0,7.666666666666666
3,crowd,vehicular,91,learned GAT-LSTM,1.0334600859441205,69.46333333333334,2.000606695079095,1.0,8.666666666666668
3,crowd,vehicular,91,learned LSTM (no graph attention),1.0337136272121414,69.59,1.9979468686357862,1.0,7.333333333333333
3,crowd,vehicular,92,none,0.37876194593325946,28.246666666666666,0.653080078863502,1.0,0.0
3,crowd,vehicular,92,static,1.0050204722298175,65.87666666666667,1.993695440916493,1.0,0.0
3,crowd,vehicular,92,random,0.7580130130851255,56.36666666666667,1.3116922932222626,1.0,136.66666666666666
3,crowd,vehicular,92,reactive,1.0158206023334313,67.26666666666667,1.995517041864849,1.0,8.666666666666668
3,crowd,vehicular,92,cv,1.022305552748273,67.42,2.016191305671717,1.0,8.666666666666668
3,crowd,vehicular,92,oracle,1.0237545456403567,67.31,2.0249568224244876,1.0,8.666666666666668
3,crowd,vehicular,92,learned GAT-LSTM,1.0178121772268893,67.41,1.999100202871291,1.0,10.0
3,crowd,vehicular,92,learned LSTM (no graph attention),1.0217670459469446,67.44333333333333,2.0134379823506365,1.0,7.333333333333333
3,crowd,vehicular,93,none,0.40296346316641984,29.183333333333334,0.7197615271928942,1.0,0.0
3,crowd,vehicular,93,static,1.0040814310286517,66.00666666666666,1.986327401912691,1.0,0.0
3,crowd,vehicular,93,random,0.7701496149638538,57.11666666666667,1.337076503219629,1.0,131.66666666666666
3,crowd,vehicular,93,reactive,1.0040754896482857,67.77333333333333,1.9355301661546067,1.0,12.666666666666668
3,crowd,vehicular,93,cv,1.0177701515908233,67.77666666666667,1.9883996118875582,1.0,13.333333333333334
3,crowd,vehicular,93,oracle,1.0209179654463119,67.94,1.9958798205181165,1.0,12.666666666666668
3,crowd,vehicular,93,learned GAT-LSTM,1.0113154176820618,67.95,1.958453765419822,1.0,14.666666666666666
3,crowd,vehicular,93,learned LSTM (no graph attention),1.0123642730407933,67.99333333333334,1.9612648946160671,1.0,15.0
3,crowd,vehicular,94,none,0.41223580001399623,29.543333333333333,0.7452766102358138,1.0,0.0
3,crowd,vehicular,94,static,1.0146320812096148,66.11,2.024163105626381,1.0,0.0
3,crowd,vehicular,94,random,0.7791387343770149,57.403333333333336,1.3636038299017383,1.0,133.33333333333331
3,crowd,vehicular,94,reactive,1.050316679585281,68.21,2.1018219579266044,1.0,14.666666666666666
3,crowd,vehicular,94,cv,1.0654856751437645,68.19666666666667,2.1608725141974587,1.0,14.666666666666666
3,crowd,vehicular,94,oracle,1.0688086486363018,68.27666666666667,2.1714251794415214,1.0,14.666666666666666
3,crowd,vehicular,94,learned GAT-LSTM,1.0603848201042285,68.06666666666666,2.144880751195115,1.0,16.333333333333332
3,crowd,vehicular,94,learned LSTM (no graph attention),1.0615813767306934,68.24666666666667,2.144335307472884,1.0,15.333333333333332
3,crowd,vehicular,95,none,0.3854105706067225,28.803333333333335,0.6627955078365643,1.0,0.0
3,crowd,vehicular,95,static,0.9957033810148719,65.46333333333334,1.9695400743861793,1.0,0.0
3,crowd,vehicular,95,random,0.7309943745560232,55.35333333333333,1.236318804686166,1.0,128.66666666666666
3,crowd,vehicular,95,reactive,1.0176595641860169,67.69333333333333,1.9903669180058265,1.0,9.333333333333334
3,crowd,vehicular,95,cv,1.0304336928216806,67.69666666666667,2.0396761244678228,1.0,10.333333333333334
3,crowd,vehicular,95,oracle,1.0311284852632212,67.83,2.038531272737166,1.0,9.666666666666666
3,crowd,vehicular,95,learned GAT-LSTM,1.0271131393799307,67.78666666666666,2.0242469942441113,1.0,11.0
3,crowd,vehicular,95,learned LSTM (no graph attention),1.0286551748313473,67.73333333333333,2.031743752605618,1.0,9.0
3,crowd,vehicular,96,none,0.40448691651697716,29.756666666666668,0.7091759265777152,1.0,0.0
3,crowd,vehicular,96,static,0.985075732274518,66.35,1.9029538283252199,1.0,0.0
3,crowd,vehicular,96,random,0.7621522699226766,57.92,1.2830581880158187,1.0,136.0
3,crowd,vehicular,96,reactive,0.9885121019746441,67.55,1.88175609993917,1.0,13.0
3,crowd,vehicular,96,cv,0.9989430939718714,67.74,1.9166382030500388,1.0,11.666666666666666
3,crowd,vehicular,96,oracle,1.001165042343697,67.73,1.925519174984175,1.0,13.0
3,crowd,vehicular,96,learned GAT-LSTM,0.9955215990418839,67.74333333333334,1.9033094858155621,1.0,15.0
3,crowd,vehicular,96,learned LSTM (no graph attention),0.9959895396533881,67.75,1.904927684153609,1.0,12.666666666666668
3,crowd,vehicular,97,none,0.40197450122484374,28.883333333333333,0.7245586781123442,1.0,0.0
3,crowd,vehicular,97,static,0.9856789034807428,65.05333333333333,1.942553031836156,1.0,0.0
3,crowd,vehicular,97,random,0.7513614372871283,56.153333333333336,1.292098000588838,1.0,132.33333333333331
3,crowd,vehicular,97,reactive,1.0118578156375089,67.87666666666667,1.9626591453765612,1.0,11.666666666666666
3,crowd,vehicular,97,cv,1.0262939151297723,67.98,2.0155221480702017,1.0,13.0
3,crowd,vehicular,97,oracle,1.0280187192823387,68.09,2.019031555855224,1.0,12.0
3,crowd,vehicular,97,learned GAT-LSTM,1.021994965142451,67.98666666666666,1.998703999799652,1.0,12.666666666666668
3,crowd,vehicular,97,learned LSTM (no graph attention),1.0226831624737014,68.00666666666666,2.0007908574155406,1.0,14.000000000000002
3,crowd,vehicular,98,none,0.39168211721978724,28.61,0.6926076650826222,1.0,0.0
3,crowd,vehicular,98,static,0.9863570347552983,65.24,1.939810933896116,1.0,0.0
3,crowd,vehicular,98,random,0.7398825140194545,55.8,1.2578571597250363,1.0,132.33333333333331
3,crowd,vehicular,98,reactive,0.9942791415845216,66.73666666666666,1.927435924494091,1.0,7.000000000000001
3,crowd,vehicular,98,cv,1.0000812062805262,66.92,1.9446068665158278,1.0,10.333333333333334
3,crowd,vehicular,98,oracle,1.0021724373658756,66.93333333333334,1.9523116750580451,1.0,7.000000000000001
3,crowd,vehicular,98,learned GAT-LSTM,0.996807525138514,66.82,1.9348196464540206,1.0,7.000000000000001
3,crowd,vehicular,98,learned LSTM (no graph attention),0.9987022067286303,66.88,1.9404230766572546,1.0,8.0
3,crowd,vehicular,99,none,0.4093682141284407,29.73,0.7288211557199065,1.0,0.0
3,crowd,vehicular,99,static,1.0263524003835445,67.13,2.0401774683012928,1.0,0.0
3,crowd,vehicular,99,random,0.7736255748201987,57.67333333333333,1.3345213866392236,1.0,136.33333333333331
3,crowd,vehicular,99,reactive,1.0329412966509472,68.54666666666667,2.024945367593627,1.0,10.333333333333334
3,crowd,vehicular,99,cv,1.0381993506718465,68.70333333333333,2.040778706876682,1.0,14.000000000000002
3,crowd,vehicular,99,oracle,1.0429050543702336,68.62333333333333,2.0612776196857987,1.0,10.666666666666668
3,crowd,vehicular,99,learned GAT-LSTM,1.0364980792703364,68.68666666666667,2.0346779003913094,1.0,11.333333333333332
3,crowd,vehicular,99,learned LSTM (no graph attention),1.0369505057635464,68.72,2.035469692705225,1.0,11.666666666666666
3,crowd,vehicular,100,none,0.4157888341935961,28.913333333333334,0.7771245576323231,1.0,0.0
3,crowd,vehicular,100,static,1.0126935361353027,65.47,2.035059314108134,1.0,0.0
3,crowd,vehicular,100,random,0.782479883738586,57.53,1.3728855850458523,1.0,131.0
3,crowd,vehicular,100,reactive,1.0405442053584901,67.26666666666667,2.0911376367439463,1.0,6.666666666666667
3,crowd,vehicular,100,cv,1.0499179545074897,67.32666666666667,2.1256669839503184,1.0,10.0
3,crowd,vehicular,100,oracle,1.0519828080916491,67.32666666666667,2.133652977248117,1.0,6.666666666666667
3,crowd,vehicular,100,learned GAT-LSTM,1.043744755252448,67.42,2.09910920785227,1.0,11.666666666666666
3,crowd,vehicular,100,learned LSTM (no graph attention),1.0478592116950158,67.34333333333333,2.117225622146927,1.0,11.0
3,crowd,vehicular,101,none,0.40902471009039715,29.49,0.7343902601388457,1.0,0.0
3,crowd,vehicular,101,static,1.003637646590857,66.27,1.9770427903159111,1.0,0.0
3,crowd,vehicular,101,random,0.7645497159004077,56.843333333333334,1.3232740667191125,1.0,129.33333333333331
3,crowd,vehicular,101,reactive,1.0533722274665267,68.62666666666667,2.101664483364235,1.0,7.000000000000001
3,crowd,vehicular,101,cv,1.0625516007533367,68.77,2.1330470536051123,1.0,8.0
3,crowd,vehicular,101,oracle,1.0635806109597667,68.77,2.1370268363243126,1.0,7.000000000000001
3,crowd,vehicular,101,learned GAT-LSTM,1.060270782289686,68.78,2.123938396685289,1.0,7.000000000000001
3,crowd,vehicular,101,learned LSTM (no graph attention),1.0618509964871514,68.72666666666667,2.1315828145285147,1.0,8.333333333333332
3,crowd,vehicular,102,none,0.3845522533691994,28.483333333333334,0.6686727409445048,1.0,0.0
3,crowd,vehicular,102,static,0.9859190237951765,65.21,1.938979094372784,1.0,0.0
3,crowd,vehicular,102,random,0.7443539034399038,56.333333333333336,1.2598225533254164,1.0,133.66666666666666
3,crowd,vehicular,102,reactive,1.0063964005475343,67.40666666666667,1.9550445357896904,1.0,8.666666666666668
3,crowd,vehicular,102,cv,1.0160651610807978,67.49333333333334,1.989948460228686,1.0,9.333333333333334
3,crowd,vehicular,102,oracle,1.0177950741094337,67.54666666666667,1.9951062352602003,1.0,8.666666666666668
3,crowd,vehicular,102,learned GAT-LSTM,1.0113672449209132,67.39333333333333,1.9746528925559523,1.0,10.0
3,crowd,vehicular,102,learned LSTM (no graph attention),1.0157926333363394,67.42333333333333,1.990906246649683,1.0,9.0
3,crowd,vehicular,103,none,0.4182544707610373,30.64,0.7370359613584486,1.0,0.0
3,crowd,vehicular,103,static,1.024055072039185,67.68,2.015485279495182,1.0,0.0
3,crowd,vehicular,103,random,0.7857159230507218,58.32666666666667,1.3625049208587756,1.0,132.0
3,crowd,vehicular,103,reactive,1.0403451198606024,69.28333333333333,2.0324083636526398,1.0,14.000000000000002
3,crowd,vehicular,103,cv,1.0520303228910057,69.39666666666666,2.0743446435975064,1.0,15.333333333333332
3,crowd,vehicular,103,oracle,1.0536454884852002,69.43333333333334,2.0795376257888787,1.0,14.000000000000002
3,crowd,vehicular,103,learned GAT-LSTM,1.0481513264784412,69.27333333333333,2.0628869196808535,1.0,13.333333333333334
3,crowd,vehicular,103,learned LSTM (no graph attention),1.05171181081583,69.37666666666667,2.0736875745147887,1.0,14.666666666666666
3,crowd,vehicular,104,none,0.42477070124571137,29.456666666666667,0.796247197869739,1.0,0.0
3,crowd,vehicular,104,static,0.9868023086224537,65.58333333333333,1.9316656177410099,1.0,0.0
3,crowd,vehicular,104,random,0.757729262267566,56.306666666666665,1.312319272018267,1.0,129.33333333333331
3,crowd,vehicular,104,reactive,1.0805301090993547,69.24,2.1890725643897944,1.0,5.0
3,crowd,vehicular,104,cv,1.0827005868474078,69.21,2.1983292723066667,1.0,7.666666666666666
3,crowd,vehicular,104,oracle,1.0840462443248722,69.31,2.200659700186599,1.0,5.0
3,crowd,vehicular,104,learned GAT-LSTM,1.0806447570363555,69.19333333333333,2.1908571816275844,1.0,7.000000000000001
3,crowd,vehicular,104,learned LSTM (no graph attention),1.0791129101835928,69.27333333333333,2.1826334246415118,1.0,5.666666666666666
3,crowd,vehicular,105,none,0.40153966309959177,29.30666666666667,0.7107102438516502,1.0,0.0
3,crowd,vehicular,105,static,0.9934883737922015,65.84,1.9501478945904795,1.0,0.0
3,crowd,vehicular,105,random,0.7703882692677437,57.583333333333336,1.3245874507465791,1.0,137.33333333333334
3,crowd,vehicular,105,reactive,1.006551019649193,68.15,1.9342790299263215,1.0,8.666666666666668
3,crowd,vehicular,105,cv,1.0164011091745901,68.37666666666667,1.9658606389882485,1.0,9.0
3,crowd,vehicular,105,oracle,1.0178580850577938,68.36333333333333,1.9718788165635215,1.0,9.333333333333334
3,crowd,vehicular,105,learned GAT-LSTM,1.0120378295533639,68.35666666666667,1.949560094376944,1.0,9.333333333333334
3,crowd,vehicular,105,learned LSTM (no graph attention),1.0145474367636793,68.41333333333333,1.9576376011419583,1.0,9.666666666666666
3,crowd,vehicular,106,none,0.40760831084109606,29.586666666666666,0.7261340039549449,1.0,0.0
3,crowd,vehicular,106,static,1.0309693409956007,67.36333333333333,2.051327836900936,1.0,0.0
3,crowd,vehicular,106,random,0.7776100704519888,57.75666666666667,1.3475367433956085,1.0,133.0
3,crowd,vehicular,106,reactive,1.0456298194471754,68.61,2.0721990776107693,1.0,9.333333333333334
3,crowd,vehicular,106,cv,1.0576431202543752,68.67,2.1169371108049972,1.0,7.666666666666666
3,crowd,vehicular,106,oracle,1.0578927086873728,68.7,2.1170402105037183,1.0,9.666666666666666
3,crowd,vehicular,106,learned GAT-LSTM,1.0539764571886465,68.74666666666667,2.1005525747091967,1.0,9.0
3,crowd,vehicular,106,learned LSTM (no graph attention),1.057101208144171,68.62,2.1162782278349432,1.0,8.333333333333332
3,crowd,vehicular,107,none,0.4090498065933982,29.35,0.7385109433194664,1.0,0.0
3,crowd,vehicular,107,static,0.9998103202977578,66.04333333333334,1.9687547199224613,1.0,0.0
3,crowd,vehicular,107,random,0.7852747675869101,58.11666666666667,1.3668341458876982,1.0,133.66666666666666
3,crowd,vehicular,107,reactive,1.0053463273922778,68.16,1.929332380782984,1.0,14.666666666666666
3,crowd,vehicular,107,cv,1.0260018079735593,68.27666666666667,2.005866156150398,1.0,16.333333333333332
3,crowd,vehicular,107,oracle,1.030740404022459,68.47333333333333,2.018540842622825,1.0,14.666666666666666
3,crowd,vehicular,107,learned GAT-LSTM,1.0197895008605284,68.16666666666667,1.9850009567290825,1.0,17.666666666666668
3,crowd,vehicular,107,learned LSTM (no graph attention),1.0242954087038332,68.27,1.9994581157528288,1.0,16.333333333333332
3,crowd,vehicular,108,none,0.41549701462359795,29.483333333333334,0.7596140382178621,1.0,0.0
3,crowd,vehicular,108,static,1.0049246403067609,65.96,1.990929790847109,1.0,0.0
3,crowd,vehicular,108,random,0.8031836214265383,58.27333333333333,1.4315955076413118,1.0,136.0
3,crowd,vehicular,108,reactive,1.0375734736715518,68.30666666666667,2.0497583331227105,1.0,5.666666666666666
3,crowd,vehicular,108,cv,1.049143469030513,68.38333333333334,2.0923028431316286,1.0,9.0
3,crowd,vehicular,108,oracle,1.0502551503382158,68.47,2.0941115506175647,1.0,6.0
3,crowd,vehicular,108,learned GAT-LSTM,1.0471332187237388,68.42,2.0834742272256928,1.0,8.333333333333332
3,crowd,vehicular,108,learned LSTM (no graph attention),1.0486596670524122,68.49,2.0873660831514154,1.0,10.666666666666668
3,crowd,vehicular,109,none,0.40087056897531326,29.42,0.7048652500862699,1.0,0.0
3,crowd,vehicular,109,static,1.0309211600194026,67.44333333333333,2.048842281324065,1.0,0.0
3,crowd,vehicular,109,random,0.7639820191871984,57.53666666666667,1.3011519515251422,1.0,129.0
3,crowd,vehicular,109,reactive,1.0419230231446825,68.05666666666667,2.073765614515595,1.0,4.0
3,crowd,vehicular,109,cv,1.0492140281537967,68.18,2.0984195659968146,1.0,6.0
3,crowd,vehicular,109,oracle,1.0501163836128702,68.20333333333333,2.1012388975326672,1.0,4.666666666666667
3,crowd,vehicular,109,learned GAT-LSTM,1.0469215170995527,68.15,2.0904152928268354,1.0,7.333333333333333
3,crowd,vehicular,109,learned LSTM (no graph attention),1.0453366756987972,68.19666666666667,2.0829445798590203,1.0,8.333333333333332
3,crowd,vehicular,110,none,0.4244750632781097,29.66,0.7892599638186811,1.0,0.0
3,crowd,vehicular,110,static,1.0049381247604747,66.06666666666666,1.9879163275800484,1.0,0.0
3,crowd,vehicular,110,random,0.7894823005093101,57.26,1.407727854680661,1.0,130.66666666666666
3,crowd,vehicular,110,reactive,1.0700835629134966,69.29,2.147232669248555,1.0,8.333333333333332
3,crowd,vehicular,110,cv,1.0795593636942733,69.30666666666667,2.1834021159477777,1.0,9.333333333333334
3,crowd,vehicular,110,oracle,1.0821844341182192,69.35,2.192309388252308,1.0,8.666666666666668
3,crowd,vehicular,110,learned GAT-LSTM,1.0729347631322594,69.32666666666667,2.1572061183473017,1.0,9.333333333333334
3,crowd,vehicular,110,learned LSTM (no graph attention),1.078020866329433,69.38666666666667,2.1751526375520687,1.0,9.333333333333334
3,crowd,vehicular,111,none,0.38711273688073444,28.276666666666667,0.6845152543476661,1.0,0.0
3,crowd,vehicular,111,static,0.9742016563574557,65.16333333333333,1.8950024062052595,1.0,0.0
3,crowd,vehicular,111,random,0.7392233670927029,55.85666666666667,1.2536792458175523,1.0,136.0
3,crowd,vehicular,111,reactive,0.9955857921953212,67.01333333333334,1.9245380643693715,1.0,10.0
3,crowd,vehicular,111,cv,1.0035089399179609,67.19333333333333,1.950008272228052,1.0,12.0
3,crowd,vehicular,111,oracle,1.0047471512616346,67.26333333333334,1.952785347595944,1.0,10.0
3,crowd,vehicular,111,learned GAT-LSTM,0.9990878623340622,67.05666666666667,1.9368372061499062,1.0,12.0
3,crowd,vehicular,111,learned LSTM (no graph attention),1.0018032316736414,67.08666666666667,1.9464769189745479,1.0,12.0
3,crowd,vehicular,112,none,0.40217544987337306,28.906666666666666,0.7246652603612701,1.0,0.0
3,crowd,vehicular,112,static,0.9982967504893793,66.04666666666667,1.9628050620802635,1.0,0.0
3,crowd,vehicular,112,random,0.7482558275285226,56.586666666666666,1.2676327330302977,1.0,129.33333333333331
3,crowd,vehicular,112,reactive,1.0006034325427697,66.56666666666666,1.9567814714962495,1.0,9.333333333333334
3,crowd,vehicular,112,cv,1.0068602778609381,66.73,1.976286118379516,1.0,9.666666666666666
3,crowd,vehicular,112,oracle,1.0102295387112852,66.73333333333333,1.989221214988682,1.0,9.333333333333334
3,crowd,vehicular,112,learned GAT-LSTM,1.0052805670871527,66.52666666666667,1.976020284903343,1.0,10.666666666666668
3,crowd,vehicular,112,learned LSTM (no graph attention),1.0067693945103675,66.61333333333333,1.9792876364180245,1.0,11.333333333333332
3,crowd,vehicular,113,none,0.39478534682764344,28.563333333333333,0.7059508709663438,1.0,0.0
3,crowd,vehicular,113,static,1.0070917284889604,65.43666666666667,2.0143518610944953,1.0,0.0
3,crowd,vehicular,113,random,0.750790798298825,56.04333333333334,1.2930524227514033,1.0,134.0
3,crowd,vehicular,113,reactive,1.0094156910464311,66.39333333333333,1.9958452407836473,1.0,11.666666666666666
3,crowd,vehicular,113,cv,1.0228018709691646,66.55666666666667,2.042923183326518,1.0,11.666666666666666
3,crowd,vehicular,113,oracle,1.023216300238749,66.55,2.0447176240301017,1.0,11.666666666666666
3,crowd,vehicular,113,learned GAT-LSTM,1.0211090663505802,66.52333333333333,2.037334125253922,1.0,10.0
3,crowd,vehicular,113,learned LSTM (no graph attention),1.0205230486638812,66.57666666666667,2.0335348452609447,1.0,12.666666666666668
3,crowd,vehicular,114,none,0.4031945049044924,29.086666666666666,0.7234333144281064,1.0,0.0
3,crowd,vehicular,114,static,0.9989940323407636,66.53666666666666,1.951419186469873,1.0,0.0
3,crowd,vehicular,114,random,0.7499155613238393,56.556666666666665,1.274914096150458,1.0,137.33333333333334
3,crowd,vehicular,114,reactive,1.0427656548986621,68.81,2.055373653461538,1.0,13.666666666666666
3,crowd,vehicular,114,cv,1.0576946687594175,68.99666666666667,2.1077480314276786,1.0,15.333333333333332
3,crowd,vehicular,114,oracle,1.058752770437308,69.03333333333333,2.1107865225034677,1.0,14.000000000000002
3,crowd,vehicular,114,learned GAT-LSTM,1.0535015449671727,68.94,2.0931593839972145,1.0,12.666666666666668
3,crowd,vehicular,114,learned LSTM (no graph attention),1.055493597365562,68.97666666666667,2.099810007309206,1.0,12.666666666666668
3,crowd,vehicular,115,none,0.404800521969455,29.16,0.7275371085869096,1.0,0.0
3,crowd,vehicular,115,static,1.0039534942935362,66.42666666666666,1.9737617348368262,1.0,0.0
3,crowd,vehicular,115,random,0.7396523089276202,56.07666666666667,1.2490153821065673,1.0,127.0
3,crowd,vehicular,115,reactive,1.0266100524008201,68.32333333333334,2.0068773853688953,1.0,8.333333333333332
3,crowd,vehicular,115,cv,1.0363877730450062,68.33,2.0445019337529393,1.0,10.333333333333334
3,crowd,vehicular,115,oracle,1.0385374582430522,68.30666666666667,2.053486623780334,1.0,8.333333333333332
3,crowd,vehicular,115,learned GAT-LSTM,1.0346708226627819,68.18,2.042172506897446,1.0,12.666666666666668
3,crowd,vehicular,115,learned LSTM (no graph attention),1.0350953419793674,68.19666666666667,2.0433353683045934,1.0,12.0
3,crowd,vehicular,116,none,0.4024700853386138,29.46,0.7099019070882758,1.0,0.0
3,crowd,vehicular,116,static,0.9871824687374233,65.83666666666667,1.9258550818146458,1.0,0.0
3,crowd,vehicular,116,random,0.7611312784734869,57.49333333333333,1.2913718805701855,1.0,133.33333333333331
3,crowd,vehicular,116,reactive,0.9975099479786146,67.79666666666667,1.9094667832566983,1.0,11.0
3,crowd,vehicular,116,cv,1.0061190793837935,68.00666666666666,1.9367278858058428,1.0,12.0
3,crowd,vehicular,116,oracle,1.007773771118894,68.08,1.9410199333073896,1.0,11.0
3,crowd,vehicular,116,learned GAT-LSTM,1.0019475052091793,68.09,1.9181989629532488,1.0,12.666666666666668
3,crowd,vehicular,116,learned LSTM (no graph attention),1.0042772593528106,68.24333333333334,1.9228026589351195,1.0,9.666666666666666
3,crowd,vehicular,117,none,0.42061959889849554,29.64,0.7749234369697715,1.0,0.0
3,crowd,vehicular,117,static,1.0026267314448816,66.27,1.9731329917508527,1.0,0.0
3,crowd,vehicular,117,random,0.7690419974048762,56.89666666666667,1.3391155320148107,1.0,133.0
3,crowd,vehicular,117,reactive,1.077048768223073,69.81666666666666,2.1590347045756797,1.0,7.333333333333333
3,crowd,vehicular,117,cv,1.0811103308915393,69.93666666666667,2.1712943191848537,1.0,9.0
3,crowd,vehicular,117,oracle,1.0851339211245625,70.01666666666667,2.184556678054057,1.0,7.666666666666666
3,crowd,vehicular,117,learned GAT-LSTM,1.080222235244516,69.87333333333333,2.1696797444786426,1.0,8.333333333333332
3,crowd,vehicular,117,learned LSTM (no graph attention),1.0813560225890912,69.92333333333333,2.172627754237676,1.0,8.0
3,crowd,vehicular,118,none,0.40626154396391767,29.69333333333333,0.717859655318015,1.0,0.0
3,crowd,vehicular,118,static,1.0125190898524599,67.44,1.9777665420221653,1.0,0.0
3,crowd,vehicular,118,random,0.7682065768714598,57.68,1.3133713595460255,1.0,131.0
3,crowd,vehicular,118,reactive,1.0486767926878358,68.86,2.0767984641542956,1.0,7.666666666666666
3,crowd,vehicular,118,cv,1.0540083211469966,69.03333333333333,2.092436969525551,1.0,8.666666666666668
3,crowd,vehicular,118,oracle,1.055090256320285,69.02,2.0970046459036626,1.0,7.666666666666666
3,crowd,vehicular,118,learned GAT-LSTM,1.0488553655728945,68.99666666666667,2.0735612897883082,1.0,11.333333333333332
3,crowd,vehicular,118,learned LSTM (no graph attention),1.0509829760091254,69.0,2.0816941999560674,1.0,9.333333333333334
3,crowd,vehicular,119,none,0.4153373464655625,29.713333333333335,0.7523862748565968,1.0,0.0
3,crowd,vehicular,119,static,1.0044834740529003,66.20666666666666,1.982134307719152,1.0,0.0
3,crowd,vehicular,119,random,0.7629045977440256,56.71,1.3207434545584453,1.0,130.66666666666666
3,crowd,vehicular,119,reactive,1.0426207096677709,68.69666666666667,2.0580702821881567,1.0,6.666666666666667
3,crowd,vehicular,119,cv,1.0512896849597146,68.62,2.093801677653802,1.0,10.0
3,crowd,vehicular,119,oracle,1.0549924331914817,68.82666666666667,2.1021827349232955,1.0,6.666666666666667
3,crowd,vehicular,119,learned GAT-LSTM,1.0467218580521296,68.64333333333333,2.075464623064747,1.0,10.333333333333334
3,crowd,vehicular,119,learned LSTM (no graph attention),1.0467314250095623,68.81333333333333,2.0706157993420904,1.0,9.333333333333334
10,uniform,pedestrian,0,none,0.36790420003973645,28.38,0.6072548224667973,1.0,0.0
10,uniform,pedestrian,0,static,1.0215435217028936,68.03666666666666,1.9955209974062191,1.0,0.0
10,uniform,pedestrian,0,random,0.7633963235369559,58.486666666666665,1.2715835866083498,1.0,130.0
10,uniform,pedestrian,0,reactive,1.0215435217028936,68.03666666666666,1.9955209974062191,1.0,0.0
10,uniform,pedestrian,0,cv,1.0215435217028936,68.03666666666666,1.9955209974062191,1.0,0.0
10,uniform,pedestrian,0,oracle,1.0215435217028936,68.03666666666666,1.9955209974062191,1.0,0.0
10,uniform,pedestrian,0,learned GAT-LSTM,1.0215435217028936,68.03666666666666,1.9955209974062191,1.0,0.0
10,uniform,pedestrian,0,learned LSTM (no graph attention),1.0215435217028936,68.03666666666666,1.9955209974062191,1.0,0.0
10,uniform,pedestrian,1,none,0.38768181662252243,29.753333333333334,0.6442766028777309,1.0,0.0
10,uniform,pedestrian,1,static,1.0133531019829698,68.31333333333333,1.955892426401213,1.0,0.0
10,uniform,pedestrian,1,random,0.7518096204259208,59.333333333333336,1.2024377236705495,1.0,127.33333333333334
10,uniform,pedestrian,1,reactive,1.0133531019829698,68.31333333333333,1.955892426401213,1.0,0.0
10,uniform,pedestrian,1,cv,1.0133531019829698,68.31333333333333,1.955892426401213,1.0,0.0
10,uniform,pedestrian,1,oracle,1.0133531019829698,68.31333333333333,1.955892426401213,1.0,0.0
10,uniform,pedestrian,1,learned GAT-LSTM,1.0130131036898176,68.28666666666666,1.9553438585497729,1.0,0.6666666666666667
10,uniform,pedestrian,1,learned LSTM (no graph attention),1.0132290933326271,68.30333333333333,1.9557002140671351,1.0,0.6666666666666667
10,uniform,pedestrian,2,none,0.33235865946783866,26.643333333333334,0.519691534960661,1.0,0.0
10,uniform,pedestrian,2,static,0.9505037324594732,65.08,1.8057437229398234,1.0,0.0
10,uniform,pedestrian,2,random,0.6916913018006607,55.69,1.0746350467698085,1.0,125.0
10,uniform,pedestrian,2,reactive,0.9505037324594732,65.08,1.8057437229398234,1.0,0.0
10,uniform,pedestrian,2,cv,0.9505037324594732,65.08,1.8057437229398234,1.0,0.0
10,uniform,pedestrian,2,oracle,0.9505037324594732,65.08,1.8057437229398234,1.0,0.0
10,uniform,pedestrian,2,learned GAT-LSTM,0.9505037324594732,65.08,1.8057437229398234,1.0,0.0
10,uniform,pedestrian,2,learned LSTM (no graph attention),0.9505037324594732,65.08,1.8057437229398234,1.0,0.0
10,uniform,pedestrian,3,none,0.36443329521855233,28.406666666666666,0.5930644049668662,1.0,0.0
10,uniform,pedestrian,3,static,1.0132565866718253,67.68,1.9737212375157995,1.0,0.0
10,uniform,pedestrian,3,random,0.7537699778781436,58.07,1.2463279532315445,1.0,128.0
10,uniform,pedestrian,3,reactive,1.0132565866718253,67.68,1.9737212375157995,1.0,0.0
10,uniform,pedestrian,3,cv,1.0132565866718253,67.68,1.9737212375157995,1.0,0.0
10,uniform,pedestrian,3,oracle,1.0132565866718253,67.68,1.9737212375157995,1.0,0.0
10,uniform,pedestrian,3,learned GAT-LSTM,1.0132565866718253,67.68,1.9737212375157995,1.0,0.0
10,uniform,pedestrian,3,learned LSTM (no graph attention),1.0132565866718253,67.68,1.9737212375157995,1.0,0.0
10,uniform,pedestrian,4,none,0.3783930704109879,28.923333333333332,0.6322059236172328,1.0,0.0
10,uniform,pedestrian,4,static,1.0147689374804243,68.07333333333334,1.9682659230767399,1.0,0.0
10,uniform,pedestrian,4,random,0.7595112791006309,58.7,1.2504266224852314,1.0,128.33333333333334
10,uniform,pedestrian,4,reactive,1.0147689374804243,68.07333333333334,1.9682659230767399,1.0,0.0
10,uniform,pedestrian,4,cv,1.0147689374804243,68.07333333333334,1.9682659230767399,1.0,0.0
10,uniform,pedestrian,4,oracle,1.0147689374804243,68.07333333333334,1.9682659230767399,1.0,0.0
10,uniform,pedestrian,4,learned GAT-LSTM,1.013917481212155,68.05666666666667,1.9654518474329574,1.0,0.6666666666666667
10,uniform,pedestrian,4,learned LSTM (no graph attention),1.013942759091331,68.06,1.9654538112521807,1.0,0.6666666666666667
10,uniform,pedestrian,5,none,0.35972013621967297,28.276666666666667,0.5785720887078745,1.0,0.0
10,uniform,pedestrian,5,static,0.9605264742939675,66.18666666666667,1.8127017511916756,1.0,0.0
10,uniform,pedestrian,5,random,0.7029542978987274,57.25,1.073360995793891,1.0,125.66666666666666
10,uniform,pedestrian,5,reactive,0.9605264742939675,66.18666666666667,1.8127017511916756,1.0,0.0
10,uniform,pedestrian,5,cv,0.9605264742939675,66.18666666666667,1.8127017511916756,1.0,0.0
10,uniform,pedestrian,5,oracle,0.9605264742939675,66.18666666666667,1.8127017511916756,1.0,0.0
10,uniform,pedestrian,5,learned GAT-LSTM,0.9602027547492844,66.14666666666666,1.812599344695853,1.0,0.6666666666666667
10,uniform,pedestrian,5,learned LSTM (no graph attention),0.9605264742939675,66.18666666666667,1.8127017511916756,1.0,0.0
10,uniform,pedestrian,6,none,0.37323158038241094,29.003333333333334,0.6099442191961351,1.0,0.0
10,uniform,pedestrian,6,static,1.0636623150803453,69.96666666666667,2.1029504597551156,1.0,0.0
10,uniform,pedestrian,6,random,0.8116771651318793,61.2,1.3803321699707927,1.0,123.0
10,uniform,pedestrian,6,reactive,1.0636623150803453,69.96666666666667,2.1029504597551156,1.0,0.0
10,uniform,pedestrian,6,cv,1.0636623150803453,69.96666666666667,2.1029504597551156,1.0,0.0
10,uniform,pedestrian,6,oracle,1.0636623150803453,69.96666666666667,2.1029504597551156,1.0,0.0
10,uniform,pedestrian,6,learned GAT-LSTM,1.0636623150803453,69.96666666666667,2.1029504597551156,1.0,0.0
10,uniform,pedestrian,6,learned LSTM (no graph attention),1.0636623150803453,69.96666666666667,2.1029504597551156,1.0,0.0
10,uniform,pedestrian,7,none,0.35300520712834044,27.83,0.5654388058733621,1.0,0.0
10,uniform,pedestrian,7,static,0.9726900557924723,66.18,1.8599370171793301,1.0,0.0
10,uniform,pedestrian,7,random,0.7156210182059631,57.21666666666667,1.1233085969289538,1.0,127.66666666666666
10,uniform,pedestrian,7,reactive,0.9726900557924723,66.18,1.8599370171793301,1.0,0.0
10,uniform,pedestrian,7,cv,0.9726900557924723,66.18,1.8599370171793301,1.0,0.0
10,uniform,pedestrian,7,oracle,0.9726900557924723,66.18,1.8599370171793301,1.0,0.0
10,uniform,pedestrian,7,learned GAT-LSTM,0.9726900557924723,66.18,1.8599370171793301,1.0,0.0
10,uniform,pedestrian,7,learned LSTM (no graph attention),0.9726900557924723,66.18,1.8599370171793301,1.0,0.0
10,uniform,pedestrian,8,none,0.39411264323746215,30.123333333333335,0.6585145068626936,1.0,0.0
10,uniform,pedestrian,8,static,1.0116168849422675,69.59666666666666,1.9122942756499048,1.0,0.0
10,uniform,pedestrian,8,random,0.7577134190476409,60.23,1.199500826367834,1.0,124.33333333333334
10,uniform,pedestrian,8,reactive,1.0116168849422675,69.59666666666666,1.9122942756499048,1.0,0.0
10,uniform,pedestrian,8,cv,1.0116168849422675,69.59666666666666,1.9122942756499048,1.0,0.0
10,uniform,pedestrian,8,oracle,1.0116168849422675,69.59666666666666,1.9122942756499048,1.0,0.0
10,uniform,pedestrian,8,learned GAT-LSTM,1.0116168849422675,69.59666666666666,1.9122942756499048,1.0,0.0
10,uniform,pedestrian,8,learned LSTM (no graph attention),1.0116168849422675,69.59666666666666,1.9122942756499048,1.0,0.0
10,uniform,pedestrian,9,none,0.37054036136853585,28.843333333333334,0.6041341286780024,1.0,0.0
10,uniform,pedestrian,9,static,1.005232976903191,67.88666666666667,1.936749628079427,1.0,0.0
10,uniform,pedestrian,9,random,0.7561636538116466,59.01,1.2285699576358964,1.0,131.33333333333331
10,uniform,pedestrian,9,reactive,1.005232976903191,67.88666666666667,1.936749628079427,1.0,0.0
10,uniform,pedestrian,9,cv,1.005232976903191,67.88666666666667,1.936749628079427,1.0,0.0
10,uniform,pedestrian,9,oracle,1.005232976903191,67.88666666666667,1.936749628079427,1.0,0.0
10,uniform,pedestrian,9,learned GAT-LSTM,1.005232976903191,67.88666666666667,1.936749628079427,1.0,0.0
10,uniform,pedestrian,9,learned LSTM (no graph attention),1.005232976903191,67.88666666666667,1.936749628079427,1.0,0.0
10,uniform,pedestrian,10,none,0.3834348634754924,29.406666666666666,0.6378144081147129,1.0,0.0
10,uniform,pedestrian,10,static,0.9979352692325276,68.58333333333333,1.8885028342212196,1.0,0.0
10,uniform,pedestrian,10,random,0.7646575143911266,60.0,1.2329679272046745,1.0,124.33333333333334
10,uniform,pedestrian,10,reactive,0.9979352692325276,68.58333333333333,1.8885028342212196,1.0,0.0
10,uniform,pedestrian,10,cv,0.9979352692325276,68.58333333333333,1.8885028342212196,1.0,0.0
10,uniform,pedestrian,10,oracle,0.9979352692325276,68.58333333333333,1.8885028342212196,1.0,0.0
10,uniform,pedestrian,10,learned GAT-LSTM,0.9978488095467494,68.56666666666666,1.8886474466062069,1.0,0.6666666666666667
10,uniform,pedestrian,10,learned LSTM (no graph attention),0.9979352692325276,68.58333333333333,1.8885028342212196,1.0,0.0
10,uniform,pedestrian,11,none,0.3855581832041723,29.37,0.6470803294317699,1.0,0.0
10,uniform,pedestrian,11,static,1.0033126674640396,67.10666666666667,1.9517399847637231,1.0,0.0
10,uniform,pedestrian,11,random,0.746826096631608,58.36333333333334,1.2110414712202073,1.0,136.0
10,uniform,pedestrian,11,reactive,1.0033126674640396,67.10666666666667,1.9517399847637231,1.0,0.0
10,uniform,pedestrian,11,cv,1.0033126674640396,67.10666666666667,1.9517399847637231,1.0,0.0
10,uniform,pedestrian,11,oracle,1.0033126674640396,67.10666666666667,1.9517399847637231,1.0,0.0
10,uniform,pedestrian,11,learned GAT-LSTM,1.0033126674640396,67.10666666666667,1.9517399847637231,1.0,0.0
10,uniform,pedestrian,11,learned LSTM (no graph attention),1.0033126674640396,67.10666666666667,1.9517399847637231,1.0,0.0
10,uniform,pedestrian,12,none,0.3884229117017019,29.463333333333335,0.6554774920333625,1.0,0.0
10,uniform,pedestrian,12,static,1.0439729529697435,68.58666666666667,2.0664616118391774,1.0,0.0
10,uniform,pedestrian,12,random,0.76909821933218,58.96666666666667,1.2798408739070877,1.0,129.66666666666666
10,uniform,pedestrian,12,reactive,1.0415702226557249,68.45666666666666,2.060905071043341,1.0,1.3333333333333335
10,uniform,pedestrian,12,cv,1.0440473406975355,68.55333333333333,2.067707317423601,1.0,0.6666666666666667
10,uniform,pedestrian,12,oracle,1.0440989570070445,68.56,2.067715346832021,1.0,1.3333333333333335
10,uniform,pedestrian,12,learned GAT-LSTM,1.0439859712594273,68.58,2.0667035621290393,1.0,0.6666666666666667
10,uniform,pedestrian,12,learned LSTM (no graph attention),1.0439859021283568,68.57333333333334,2.0668948957285784,1.0,0.6666666666666667
10,uniform,pedestrian,13,none,0.3469467696258843,27.643333333333334,0.5473721211443816,1.0,0.0
10,uniform,pedestrian,13,static,0.9988584665185454,67.36,1.9272321545961708,1.0,0.0
10,uniform,pedestrian,13,random,0.7257229087777165,57.45333333333333,1.1555766660652838,1.0,126.0
10,uniform,pedestrian,13,reactive,0.9988584665185454,67.36,1.9272321545961708,1.0,0.0
10,uniform,pedestrian,13,cv,0.9988584665185454,67.36,1.9272321545961708,1.0,0.0
10,uniform,pedestrian,13,oracle,0.9988584665185454,67.36,1.9272321545961708,1.0,0.0
10,uniform,pedestrian,13,learned GAT-LSTM,0.9988584665185454,67.36,1.9272321545961708,1.0,0.0
10,uniform,pedestrian,13,learned LSTM (no graph attention),0.9988584665185454,67.36,1.9272321545961708,1.0,0.0
10,uniform,pedestrian,14,none,0.353792649386562,27.906666666666666,0.5662808932716616,1.0,0.0
10,uniform,pedestrian,14,static,0.9721192474704549,66.36333333333333,1.8524603417621934,1.0,0.0
10,uniform,pedestrian,14,random,0.7413946863793828,58.31,1.1915678472364115,1.0,131.33333333333331
10,uniform,pedestrian,14,reactive,0.9721192474704549,66.36333333333333,1.8524603417621934,1.0,0.0
10,uniform,pedestrian,14,cv,0.9720749412675688,66.36333333333333,1.8522889838305636,1.0,0.6666666666666667
10,uniform,pedestrian,14,oracle,0.9721192474704549,66.36333333333333,1.8524603417621934,1.0,0.0
10,uniform,pedestrian,14,learned GAT-LSTM,0.9721192474704549,66.36333333333333,1.8524603417621934,1.0,0.0
10,uniform,pedestrian,14,learned LSTM (no graph attention),0.9720534939054143,66.36333333333333,1.8522060343702564,1.0,0.6666666666666667
10,uniform,pedestrian,15,none,0.3625718176316665,28.373333333333335,0.5868229901341053,1.0,0.0
10,uniform,pedestrian,15,static,1.0540423640688688,68.5,2.1078967109398237,1.0,0.0
10,uniform,pedestrian,15,random,0.7806239778893073,59.763333333333335,1.3015213896695264,1.0,128.0
10,uniform,pedestrian,15,reactive,1.0540423640688688,68.5,2.1078967109398237,1.0,0.0
10,uniform,pedestrian,15,cv,1.0540423640688688,68.5,2.1078967109398237,1.0,0.0
10,uniform,pedestrian,15,oracle,1.0540423640688688,68.5,2.1078967109398237,1.0,0.0
10,uniform,pedestrian,15,learned GAT-LSTM,1.0540423640688688,68.5,2.1078967109398237,1.0,0.0
10,uniform,pedestrian,15,learned LSTM (no graph attention),1.0540423640688688,68.5,2.1078967109398237,1.0,0.0
10,uniform,pedestrian,16,none,0.3930336626546106,29.9,0.6607600920341758,1.0,0.0
10,uniform,pedestrian,16,static,0.9807700011510423,67.55,1.8518128798665772,1.0,0.0
10,uniform,pedestrian,16,random,0.7423077495320641,59.656666666666666,1.1563957991811527,1.0,133.33333333333331
10,uniform,pedestrian,16,reactive,0.9807700011510423,67.55,1.8518128798665772,1.0,0.0
10,uniform,pedestrian,16,cv,0.9807700011510423,67.55,1.8518128798665772,1.0,0.0
10,uniform,pedestrian,16,oracle,0.9807700011510423,67.55,1.8518128798665772,1.0,0.0
10,uniform,pedestrian,16,learned GAT-LSTM,0.9807700011510423,67.55,1.8518128798665772,1.0,0.0
10,uniform,pedestrian,16,learned LSTM (no graph attention),0.9807700011510423,67.55,1.8518128798665772,1.0,0.0
10,uniform,pedestrian,17,none,0.34313134759572705,27.4,0.5396090939041109,1.0,0.0
10,uniform,pedestrian,17,static,0.967740781659376,66.65,1.8272874186893102,1.0,0.0
10,uniform,pedestrian,17,random,0.7217032520273708,57.63333333333333,1.1348570824492275,1.0,128.33333333333334
10,uniform,pedestrian,17,reactive,0.9673357603226894,66.63333333333334,1.8261999673441585,1.0,0.6666666666666667
10,uniform,pedestrian,17,cv,0.9677444868713662,66.65333333333334,1.8272059484205738,1.0,1.3333333333333335
10,uniform,pedestrian,17,oracle,0.9679348027851855,66.65333333333334,1.8279420110760016,1.0,0.6666666666666667
10,uniform,pedestrian,17,learned GAT-LSTM,0.9677920689156377,66.65333333333334,1.8273899759417327,1.0,1.3333333333333335
10,uniform,pedestrian,17,learned LSTM (no graph attention),0.9675579907427562,66.64666666666666,1.8266762600724553,1.0,0.6666666666666667
10,uniform,pedestrian,18,none,0.37006452503709064,28.716666666666665,0.6059342104400126,1.0,0.0
10,uniform,pedestrian,18,static,1.0219851397736004,68.06333333333333,1.9964625882151696,1.0,0.0
10,uniform,pedestrian,18,random,0.7543220063632974,58.81,1.227195261759211,1.0,132.33333333333331
10,uniform,pedestrian,18,reactive,1.0187925447515813,68.01666666666667,1.9854561677214992,1.0,1.6666666666666667
10,uniform,pedestrian,18,cv,1.0217302347339867,68.07333333333334,1.9951893202790485,1.0,2.3333333333333335
10,uniform,pedestrian,18,oracle,1.022021477154905,68.08333333333333,1.996028323156159,1.0,1.6666666666666667
10,uniform,pedestrian,18,learned GAT-LSTM,1.0214058648982116,68.03666666666666,1.994988598243383,1.0,3.3333333333333335
10,uniform,pedestrian,18,learned LSTM (no graph attention),1.021694517355029,68.05666666666667,1.9955301827639422,1.0,2.666666666666667
10,uniform,pedestrian,19,none,0.3732429639283914,28.953333333333333,0.6114252532816492,1.0,0.0
10,uniform,pedestrian,19,static,1.030333293162214,69.60333333333334,1.984489943080243,1.0,0.0
10,uniform,pedestrian,19,random,0.7972486732951294,60.81666666666667,1.3355458312468091,1.0,133.33333333333331
10,uniform,pedestrian,19,reactive,1.030333293162214,69.60333333333334,1.984489943080243,1.0,0.0
10,uniform,pedestrian,19,cv,1.0303268137147046,69.6,1.984560683761936,1.0,0.6666666666666667
10,uniform,pedestrian,19,oracle,1.030333293162214,69.60333333333334,1.984489943080243,1.0,0.0
10,uniform,pedestrian,19,learned GAT-LSTM,1.0300469913977277,69.58333333333333,1.9839574500581543,1.0,1.3333333333333335
10,uniform,pedestrian,19,learned LSTM (no graph attention),1.0303268137147046,69.6,1.984560683761936,1.0,0.6666666666666667
10,uniform,pedestrian,20,none,0.35717362907140965,28.15,0.5723636785400373,1.0,0.0
10,uniform,pedestrian,20,static,1.0232775383165393,67.73666666666666,2.0108494947895896,1.0,0.0
10,uniform,pedestrian,20,random,0.7608200259329797,58.74333333333333,1.2542429036120473,1.0,133.33333333333331
10,uniform,pedestrian,20,reactive,1.0231876785283305,67.73666666666666,2.010501954570815,1.0,0.6666666666666667
10,uniform,pedestrian,20,cv,1.0232888405934062,67.74333333333334,2.010701606317459,1.0,1.3333333333333335
10,uniform,pedestrian,20,oracle,1.0233447802604816,67.75,2.0107263566715248,1.0,0.6666666666666667
10,uniform,pedestrian,20,learned GAT-LSTM,1.0226754872841792,67.72333333333333,2.0089042141933833,1.0,0.6666666666666667
10,uniform,pedestrian,20,learned LSTM (no graph attention),1.0229567576116148,67.74,2.0095130481982757,1.0,2.0
10,uniform,pedestrian,21,none,0.3495297690723781,27.586666666666666,0.5589906949836299,1.0,0.0
10,uniform,pedestrian,21,static,0.9836904176901646,66.96333333333334,1.879968719520341,1.0,0.0
10,uniform,pedestrian,21,random,0.7358430412479966,58.083333333333336,1.1766108300510594,1.0,129.33333333333331
10,uniform,pedestrian,21,reactive,0.983466709851999,66.96,1.8791993112998644,1.0,0.6666666666666667
10,uniform,pedestrian,21,cv,0.9836904176901646,66.96333333333334,1.879968719520341,1.0,0.0
10,uniform,pedestrian,21,oracle,0.9836962612769597,66.97,1.8797997191094935,1.0,0.6666666666666667
10,uniform,pedestrian,21,learned GAT-LSTM,0.9836904176901646,66.96333333333334,1.879968719520341,1.0,0.0
10,uniform,pedestrian,21,learned LSTM (no graph attention),0.9836904176901646,66.96333333333334,1.879968719520341,1.0,0.0
10,uniform,pedestrian,22,none,0.39771429536841973,29.903333333333332,0.6787670285998756,1.0,0.0
10,uniform,pedestrian,22,static,1.022401350388278,68.83666666666667,1.9758466049627033,1.0,0.0
10,uniform,pedestrian,22,random,0.7836787134064307,59.906666666666666,1.3092164129795283,1.0,128.66666666666666
10,uniform,pedestrian,22,reactive,1.0195393547083196,68.71,1.9684180166093623,1.0,0.6666666666666667
10,uniform,pedestrian,22,cv,1.0242500573205855,68.79666666666667,1.984146238891586,1.0,1.3333333333333335
10,uniform,pedestrian,22,oracle,1.0256245997713136,68.79666666666667,1.989462396358277,1.0,1.3333333333333335
10,uniform,pedestrian,22,learned GAT-LSTM,1.0236038378070298,68.80333333333333,1.9814553301047189,1.0,1.3333333333333335
10,uniform,pedestrian,22,learned LSTM (no graph attention),1.0241898896220891,68.79,1.9841051362736846,1.0,1.0
10,uniform,pedestrian,23,none,0.3705398595906102,28.77,0.6062397986769258,1.0,0.0
10,uniform,pedestrian,23,static,0.9984238269959798,68.50333333333333,1.8926915837187122,1.0,0.0
10,uniform,pedestrian,23,random,0.7541838207409224,59.27,1.2134403504395577,1.0,131.33333333333331
10,uniform,pedestrian,23,reactive,0.9984238269959798,68.50333333333333,1.8926915837187122,1.0,0.0
10,uniform,pedestrian,23,cv,0.9984238269959798,68.50333333333333,1.8926915837187122,1.0,0.0
10,uniform,pedestrian,23,oracle,0.9984238269959798,68.50333333333333,1.8926915837187122,1.0,0.0
10,uniform,pedestrian,23,learned GAT-LSTM,0.9983853516923566,68.49,1.8929259792152913,1.0,0.6666666666666667
10,uniform,pedestrian,23,learned LSTM (no graph attention),0.9984238269959798,68.50333333333333,1.8926915837187122,1.0,0.0
10,uniform,pedestrian,24,none,0.33795840868334676,27.226666666666667,0.5245839468200503,1.0,0.0
10,uniform,pedestrian,24,static,0.9823289833263729,67.01666666666667,1.8731704509144333,1.0,0.0
10,uniform,pedestrian,24,random,0.7488450673867932,58.36333333333334,1.2188500088536034,1.0,132.0
10,uniform,pedestrian,24,reactive,0.9839036908126297,67.12666666666667,1.8760993473351824,1.0,1.0
10,uniform,pedestrian,24,cv,0.9844702943163939,67.08666666666667,1.8794403394184742,1.0,2.666666666666667
10,uniform,pedestrian,24,oracle,0.9850681475675839,67.14666666666666,1.8800281779582064,1.0,1.3333333333333335
10,uniform,pedestrian,24,learned GAT-LSTM,0.984323409883572,67.14333333333333,1.8772436433923068,1.0,0.33333333333333337
10,uniform,pedestrian,24,learned LSTM (no graph attention),0.9842666120861358,67.09666666666666,1.8783651799658534,1.0,2.666666666666667
10,uniform,pedestrian,25,none,0.3606464414618442,28.25,0.5829210552984171,1.0,0.0
10,uniform,pedestrian,25,static,1.00231157110379,67.59333333333333,1.933881290381461,1.0,0.0
10,uniform,pedestrian,25,random,0.7438858720793556,58.28,1.2020649198814328,1.0,127.0
10,uniform,pedestrian,25,reactive,1.00231157110379,67.59333333333333,1.933881290381461,1.0,0.0
10,uniform,pedestrian,25,cv,1.00231157110379,67.59333333333333,1.933881290381461,1.0,0.0
10,uniform,pedestrian,25,oracle,1.00231157110379,67.59333333333333,1.933881290381461,1.0,0.0
10,uniform,pedestrian,25,learned GAT-LSTM,1.00231157110379,67.59333333333333,1.933881290381461,1.0,0.0
10,uniform,pedestrian,25,learned LSTM (no graph attention),1.00231157110379,67.59333333333333,1.933881290381461,1.0,0.0
10,uniform,pedestrian,26,none,0.36328857947026744,28.43,0.5879665180289758,1.0,0.0
10,uniform,pedestrian,26,static,1.0245684508757393,67.61,2.019482625106629,1.0,0.0
10,uniform,pedestrian,26,random,0.7434257173190698,57.776666666666664,1.2147511062155112,1.0,125.0
10,uniform,pedestrian,26,reactive,1.0245684508757393,67.61,2.019482625106629,1.0,0.0
10,uniform,pedestrian,26,cv,1.0245684508757393,67.61,2.019482625106629,1.0,0.0
10,uniform,pedestrian,26,oracle,1.0245684508757393,67.61,2.019482625106629,1.0,0.0
10,uniform,pedestrian,26,learned GAT-LSTM,1.0245684508757393,67.61,2.019482625106629,1.0,0.0
10,uniform,pedestrian,26,learned LSTM (no graph attention),1.0245684508757393,67.61,2.019482625106629,1.0,0.0
10,uniform,pedestrian,27,none,0.3512631832252636,27.903333333333332,0.5565937726011863,1.0,0.0
10,uniform,pedestrian,27,static,1.000023302506164,66.55666666666667,1.95482517169291,1.0,0.0
10,uniform,pedestrian,27,random,0.742427785097827,58.08,1.2021736760716775,1.0,126.33333333333334
10,uniform,pedestrian,27,reactive,1.000023302506164,66.55666666666667,1.95482517169291,1.0,0.0
10,uniform,pedestrian,27,cv,1.000023302506164,66.55666666666667,1.95482517169291,1.0,0.0
10,uniform,pedestrian,27,oracle,1.000023302506164,66.55666666666667,1.95482517169291,1.0,0.0
10,uniform,pedestrian,27,learned GAT-LSTM,1.000023302506164,66.55666666666667,1.95482517169291,1.0,0.0
10,uniform,pedestrian,27,learned LSTM (no graph attention),1.000023302506164,66.55666666666667,1.95482517169291,1.0,0.0
10,uniform,pedestrian,28,none,0.3736908226231824,28.893333333333334,0.6148817928305603,1.0,0.0
10,uniform,pedestrian,28,static,1.0206090545668887,69.07,1.962208717584215,1.0,0.0
10,uniform,pedestrian,28,random,0.782035205297716,60.44,1.2875319308408923,1.0,120.66666666666667
10,uniform,pedestrian,28,reactive,1.0137083765348873,69.0,1.9375315804546054,1.0,1.3333333333333335
10,uniform,pedestrian,28,cv,1.0212166419613693,69.17666666666666,1.9614929969462513,1.0,1.3333333333333335
10,uniform,pedestrian,28,oracle,1.0214302330636278,69.15666666666667,1.9628938812415975,1.0,1.3333333333333335
10,uniform,pedestrian,28,learned GAT-LSTM,1.0210592139744195,69.15666666666667,1.961458933997637,1.0,1.3333333333333335
10,uniform,pedestrian,28,learned LSTM (no graph attention),1.021246501426487,69.18,1.96151268043088,1.0,1.3333333333333335
10,uniform,pedestrian,29,none,0.39020877201386694,29.753333333333334,0.6540498134210486,1.0,0.0
10,uniform,pedestrian,29,static,1.0172503973742213,69.44666666666667,1.9383933762309653,1.0,0.0
10,uniform,pedestrian,29,random,0.7912636707365303,61.17666666666667,1.3020518827657996,1.0,125.66666666666666
10,uniform,pedestrian,29,reactive,1.0172503973742213,69.44666666666667,1.9383933762309653,1.0,0.0
10,uniform,pedestrian,29,cv,1.0171020863960556,69.44333333333333,1.9379155716492422,1.0,0.6666666666666667
10,uniform,pedestrian,29,oracle,1.0172503973742213,69.44666666666667,1.9383933762309653,1.0,0.0
10,uniform,pedestrian,29,learned GAT-LSTM,1.0172503973742213,69.44666666666667,1.9383933762309653,1.0,0.0
10,uniform,pedestrian,29,learned LSTM (no graph attention),1.0172503973742213,69.44666666666667,1.9383933762309653,1.0,0.0
10,uniform,vehicular,30,none,0.3640832348979305,28.453333333333333,0.5903693107188712,1.0,0.0
10,uniform,vehicular,30,static,0.9985058750646192,67.7,1.9160968283117532,1.0,0.0
10,uniform,vehicular,30,random,0.7482725931840265,58.376666666666665,1.2162527152315814,1.0,124.66666666666666
10,uniform,vehicular,30,reactive,0.9977515298943062,67.69,1.9134667369617204,1.0,0.6666666666666667
10,uniform,vehicular,30,cv,0.9980387515554674,67.68,1.9148649921245715,1.0,1.3333333333333335
10,uniform,vehicular,30,oracle,0.9985170385479281,67.69666666666667,1.9162358044985437,1.0,0.6666666666666667
10,uniform,vehicular,30,learned GAT-LSTM,0.9982758142560867,67.69333333333333,1.9153986499338562,1.0,0.6666666666666667
10,uniform,vehicular,30,learned LSTM (no graph attention),0.9982187135527476,67.68333333333334,1.9154652096601517,1.0,0.6666666666666667
10,uniform,vehicular,31,none,0.3758142921126557,28.746666666666666,0.6273097093602604,1.0,0.0
10,uniform,vehicular,31,static,1.0020999341733334,68.08666666666667,1.9188842951586427,1.0,0.0
10,uniform,vehicular,31,random,0.7472792308870533,58.58,1.2065669741963874,1.0,128.33333333333334
10,uniform,vehicular,31,reactive,1.001094915960567,68.01333333333334,1.917104914141016,1.0,1.3333333333333335
10,uniform,vehicular,31,cv,1.0017719927377866,68.11333333333333,1.9168495504509526,1.0,1.3333333333333335
10,uniform,vehicular,31,oracle,1.0023566088044549,68.12666666666667,1.9187273998645173,1.0,1.3333333333333335
10,uniform,vehicular,31,learned GAT-LSTM,1.0015821918407375,68.09333333333333,1.9166902825749434,1.0,2.0
10,uniform,vehicular,31,learned LSTM (no graph attention),1.0017693093483004,68.10333333333334,1.9171265736730845,1.0,2.666666666666667
10,uniform,vehicular,32,none,0.37268531637417396,29.05,0.606490290836938,1.0,0.0
10,uniform,vehicular,32,static,0.9920105464758513,68.17,1.87746773538409,1.0,0.0
10,uniform,vehicular,32,random,0.7340728498613706,58.53333333333333,1.1568314019002155,1.0,126.33333333333334
10,uniform,vehicular,32,reactive,0.9920105464758513,68.17,1.87746773538409,1.0,0.0
10,uniform,vehicular,32,cv,0.9920105464758513,68.17,1.87746773538409,1.0,0.0
10,uniform,vehicular,32,oracle,0.9920105464758513,68.17,1.87746773538409,1.0,0.0
10,uniform,vehicular,32,learned GAT-LSTM,0.9920105464758513,68.17,1.87746773538409,1.0,0.0
10,uniform,vehicular,32,learned LSTM (no graph attention),0.9919521148692775,68.16333333333333,1.877433347246365,1.0,0.6666666666666667
10,uniform,vehicular,33,none,0.3603145833000325,28.13,0.5850863836592491,1.0,0.0
10,uniform,vehicular,33,static,0.9918729826277847,67.11666666666666,1.9072086489536528,1.0,0.0
10,uniform,vehicular,33,random,0.7469031423132111,58.37,1.2111478508441906,1.0,126.33333333333334
10,uniform,vehicular,33,reactive,0.9918729826277847,67.11666666666666,1.9072086489536528,1.0,0.0
10,uniform,vehicular,33,cv,0.9908557031538235,67.10666666666667,1.9035616372743525,1.0,1.3333333333333335
10,uniform,vehicular,33,oracle,0.9918729826277847,67.11666666666666,1.9072086489536528,1.0,0.0
10,uniform,vehicular,33,learned GAT-LSTM,0.9918068998770294,67.12,1.9068572679236764,1.0,0.6666666666666667
10,uniform,vehicular,33,learned LSTM (no graph attention),0.991778239355718,67.12333333333333,1.9066506204844094,1.0,0.6666666666666667
10,uniform,vehicular,34,none,0.36665330306569077,28.493333333333332,0.5991596576992088,1.0,0.0
10,uniform,vehicular,34,static,0.9899115327994488,67.62333333333333,1.8850609045996491,1.0,0.0
10,uniform,vehicular,34,random,0.742982909773771,58.81,1.1833403608297992,1.0,126.0
10,uniform,vehicular,34,reactive,0.9871773781570031,67.6,1.8751569370811065,1.0,1.6666666666666667
10,uniform,vehicular,34,cv,0.9899939087632125,67.62666666666667,1.8852837000189098,1.0,1.3333333333333335
10,uniform,vehicular,34,oracle,0.9901289444564312,67.61333333333333,1.886189163754179,1.0,1.6666666666666667
10,uniform,vehicular,34,learned GAT-LSTM,0.9899020127291722,67.61333333333333,1.8853114863891354,1.0,1.3333333333333335
10,uniform,vehicular,34,learned LSTM (no graph attention),0.9876908862666517,67.64,1.8759933666667212,1.0,3.3333333333333335
10,uniform,vehicular,35,none,0.3664439146113383,28.596666666666668,0.595380015373404,1.0,0.0
10,uniform,vehicular,35,static,1.0015818080188192,68.14666666666666,1.9151559903539725,1.0,0.0
10,uniform,vehicular,35,random,0.7551504924426302,59.47666666666667,1.2112394037360135,1.0,132.66666666666666
10,uniform,vehicular,35,reactive,1.0015818080188192,68.14666666666666,1.9151559903539725,1.0,0.0
10,uniform,vehicular,35,cv,1.0015381486528296,68.14,1.915178735087655,1.0,0.6666666666666667
10,uniform,vehicular,35,oracle,1.0015818080188192,68.14666666666666,1.9151559903539725,1.0,0.0
10,uniform,vehicular,35,learned GAT-LSTM,1.0011841674177389,68.11666666666666,1.9144802865582327,1.0,1.3333333333333335
10,uniform,vehicular,35,learned LSTM (no graph attention),1.0013089328254607,68.12,1.9148670266842487,1.0,0.6666666666666667
10,uniform,vehicular,36,none,0.3633719386993937,28.42,0.5885763182483899,1.0,0.0
10,uniform,vehicular,36,static,0.9815953948119106,67.21666666666667,1.864585207114507,1.0,0.0
10,uniform,vehicular,36,random,0.7370649925798989,58.27,1.1759720014984942,1.0,127.66666666666666
10,uniform,vehicular,36,reactive,0.9815953948119106,67.21666666666667,1.864585207114507,1.0,0.0
10,uniform,vehicular,36,cv,0.9815953948119106,67.21666666666667,1.864585207114507,1.0,0.0
10,uniform,vehicular,36,oracle,0.9815953948119106,67.21666666666667,1.864585207114507,1.0,0.0
10,uniform,vehicular,36,learned GAT-LSTM,0.9815953948119106,67.21666666666667,1.864585207114507,1.0,0.0
10,uniform,vehicular,36,learned LSTM (no graph attention),0.9815953948119106,67.21666666666667,1.864585207114507,1.0,0.0
10,uniform,vehicular,37,none,0.3899357701198951,29.63,0.6565385737870106,1.0,0.0
10,uniform,vehicular,37,static,1.00794933014119,68.4,1.9325020759088685,1.0,0.0
10,uniform,vehicular,37,random,0.7626089150723112,59.57333333333333,1.2373072606942859,1.0,126.0
10,uniform,vehicular,37,reactive,1.006155672154796,68.35,1.9270019614565999,1.0,1.3333333333333335
10,uniform,vehicular,37,cv,1.0066841436330087,68.37333333333333,1.9283752655412982,1.0,2.0
10,uniform,vehicular,37,oracle,1.008202061733846,68.39,1.9337669378577729,1.0,0.6666666666666667
10,uniform,vehicular,37,learned GAT-LSTM,1.0077924921331858,68.39333333333333,1.9320870928135585,1.0,0.6666666666666667
10,uniform,vehicular,37,learned LSTM (no graph attention),1.007736914454035,68.39666666666666,1.9317763410233826,1.0,1.3333333333333335
10,uniform,vehicular,38,none,0.3620690861811101,28.376666666666665,0.5847828338723849,1.0,0.0
10,uniform,vehicular,38,static,0.9800402891488481,67.16666666666667,1.86000771365092,1.0,0.0
10,uniform,vehicular,38,random,0.7304735289503741,57.93333333333333,1.1601548156254151,1.0,132.33333333333331
10,uniform,vehicular,38,reactive,0.9800402891488481,67.16666666666667,1.86000771365092,1.0,0.0
10,uniform,vehicular,38,cv,0.9800402891488481,67.16666666666667,1.86000771365092,1.0,0.0
10,uniform,vehicular,38,oracle,0.9800402891488481,67.16666666666667,1.86000771365092,1.0,0.0
10,uniform,vehicular,38,learned GAT-LSTM,0.9800402891488481,67.16666666666667,1.86000771365092,1.0,0.0
10,uniform,vehicular,38,learned LSTM (no graph attention),0.9800402891488481,67.16666666666667,1.86000771365092,1.0,0.0
10,uniform,vehicular,39,none,0.3742168136919265,28.893333333333334,0.6169161071189525,1.0,0.0
10,uniform,vehicular,39,static,1.0018141181527858,67.89666666666666,1.9232395055194391,1.0,0.0
10,uniform,vehicular,39,random,0.7486264200631172,58.76,1.2066041144117094,1.0,129.66666666666666
10,uniform,vehicular,39,reactive,1.0007648274353853,67.87666666666667,1.9197560891432612,1.0,0.6666666666666667
10,uniform,vehicular,39,cv,1.0018447900846796,67.90333333333334,1.9231665308021688,1.0,0.6666666666666667
10,uniform,vehicular,39,oracle,1.0018718287193418,67.90333333333334,1.9232711049748124,1.0,0.6666666666666667
10,uniform,vehicular,39,learned GAT-LSTM,1.0018141181527858,67.89666666666666,1.9232395055194391,1.0,0.0
10,uniform,vehicular,39,learned LSTM (no graph attention),1.0017612287583237,67.89,1.923226552348881,1.0,0.6666666666666667
10,uniform,vehicular,40,none,0.3625447632748282,28.376666666666665,0.5866225546697776,1.0,0.0
10,uniform,vehicular,40,static,0.999894172858637,67.54666666666667,1.9258730080182704,1.0,0.0
10,uniform,vehicular,40,random,0.754554669496892,59.03,1.2217722738152583,1.0,136.0
10,uniform,vehicular,40,reactive,0.999894172858637,67.54666666666667,1.9258730080182704,1.0,0.0
10,uniform,vehicular,40,cv,0.999894172858637,67.54666666666667,1.9258730080182704,1.0,0.0
10,uniform,vehicular,40,oracle,0.999894172858637,67.54666666666667,1.9258730080182704,1.0,0.0
10,uniform,vehicular,40,learned GAT-LSTM,0.999894172858637,67.54666666666667,1.9258730080182704,1.0,0.0
10,uniform,vehicular,40,learned LSTM (no graph attention),0.999894172858637,67.54666666666667,1.9258730080182704,1.0,0.0
10,uniform,vehicular,41,none,0.3647000984302268,28.346666666666668,0.5958206973477507,1.0,0.0
10,uniform,vehicular,41,static,0.9833694978566666,67.18,1.8725005038068017,1.0,0.0
10,uniform,vehicular,41,random,0.7294052504846827,58.093333333333334,1.1514247363682022,1.0,126.33333333333334
10,uniform,vehicular,41,reactive,0.9833694978566666,67.18,1.8725005038068017,1.0,0.0
10,uniform,vehicular,41,cv,0.983166276429409,67.18,1.871714528002755,1.0,1.3333333333333335
10,uniform,vehicular,41,oracle,0.9833694978566666,67.18,1.8725005038068017,1.0,0.0
10,uniform,vehicular,41,learned GAT-LSTM,0.9831738813956761,67.17333333333333,1.8719355418132173,1.0,1.3333333333333335
10,uniform,vehicular,41,learned LSTM (no graph attention),0.9833694978566666,67.18,1.8725005038068017,1.0,0.0
10,uniform,vehicular,42,none,0.3567973888445993,28.09,0.5726329468387644,1.0,0.0
10,uniform,vehicular,42,static,0.9783890616254287,67.07666666666667,1.8562080667010044,1.0,0.0
10,uniform,vehicular,42,random,0.7272910764711341,57.82,1.1511036319582533,1.0,125.0
10,uniform,vehicular,42,reactive,0.9783890616254287,67.07666666666667,1.8562080667010044,1.0,0.0
10,uniform,vehicular,42,cv,0.9783890616254287,67.07666666666667,1.8562080667010044,1.0,0.0
10,uniform,vehicular,42,oracle,0.9783890616254287,67.07666666666667,1.8562080667010044,1.0,0.0
10,uniform,vehicular,42,learned GAT-LSTM,0.978009068939288,67.05666666666667,1.8553132162322952,1.0,0.6666666666666667
10,uniform,vehicular,42,learned LSTM (no graph attention),0.9783082166294003,67.07666666666667,1.855895391942175,1.0,0.6666666666666667
10,uniform,vehicular,43,none,0.3590698920192439,28.26,0.5765362175031562,1.0,0.0
10,uniform,vehicular,43,static,0.988472503125743,67.3,1.8887879844556403,1.0,0.0
10,uniform,vehicular,43,random,0.7280559799414118,57.82,1.1540619598677784,1.0,134.0
10,uniform,vehicular,43,reactive,0.988472503125743,67.3,1.8887879844556403,1.0,0.0
10,uniform,vehicular,43,cv,0.9883324151028898,67.29666666666667,1.8883419828387946,1.0,0.6666666666666667
10,uniform,vehicular,43,oracle,0.988472503125743,67.3,1.8887879844556403,1.0,0.0
10,uniform,vehicular,43,learned GAT-LSTM,0.988472503125743,67.3,1.8887879844556403,1.0,0.0
10,uniform,vehicular,43,learned LSTM (no graph attention),0.988472503125743,67.3,1.8887879844556403,1.0,0.0
10,uniform,vehicular,44,none,0.37542316417914406,28.933333333333334,0.6204321623333016,1.0,0.0
10,uniform,vehicular,44,static,1.0172837224251001,68.32333333333334,1.9708070270391158,1.0,0.0
10,uniform,vehicular,44,random,0.7536424183633726,59.016666666666666,1.2186272684793231,1.0,124.66666666666666
10,uniform,vehicular,44,reactive,1.0147786579748608,68.31666666666666,1.961310082504375,1.0,1.6666666666666667
10,uniform,vehicular,44,cv,1.0172313082391875,68.33666666666667,1.970221108868075,1.0,2.0
10,uniform,vehicular,44,oracle,1.0174231884766292,68.35,1.970580019736035,1.0,1.6666666666666667
10,uniform,vehicular,44,learned GAT-LSTM,1.015774568062451,68.33666666666667,1.9645870448466372,1.0,2.0
10,uniform,vehicular,44,learned LSTM (no graph attention),1.016457797899163,68.34333333333333,1.9670378922028924,1.0,2.0
10,uniform,vehicular,45,none,0.365138980034701,28.32,0.5982845124032407,1.0,0.0
10,uniform,vehicular,45,static,0.9785173166155873,67.03666666666666,1.8578537093810208,1.0,0.0
10,uniform,vehicular,45,random,0.725927013682777,57.806666666666665,1.146211207398465,1.0,128.33333333333334
10,uniform,vehicular,45,reactive,0.9785173166155873,67.03666666666666,1.8578537093810208,1.0,0.0
10,uniform,vehicular,45,cv,0.9785173166155873,67.03666666666666,1.8578537093810208,1.0,0.0
10,uniform,vehicular,45,oracle,0.9785173166155873,67.03666666666666,1.8578537093810208,1.0,0.0
10,uniform,vehicular,45,learned GAT-LSTM,0.9783258987384594,67.02666666666667,1.857400786245246,1.0,0.6666666666666667
10,uniform,vehicular,45,learned LSTM (no graph attention),0.9785173166155873,67.03666666666666,1.8578537093810208,1.0,0.0
10,uniform,vehicular,46,none,0.3682478544241335,28.613333333333333,0.6018779004946229,1.0,0.0
10,uniform,vehicular,46,static,1.0280063807820579,68.54,2.0060507702214885,1.0,0.0
10,uniform,vehicular,46,random,0.7638378313135415,59.36666666666667,1.247999826722098,1.0,128.66666666666666
10,uniform,vehicular,46,reactive,1.0280063807820579,68.54,2.0060507702214885,1.0,0.0
10,uniform,vehicular,46,cv,1.0231668696021943,68.45333333333333,1.9898243700706613,1.0,0.6666666666666667
10,uniform,vehicular,46,oracle,1.0280063807820579,68.54,2.0060507702214885,1.0,0.0
10,uniform,vehicular,46,learned GAT-LSTM,1.0277959586204046,68.52666666666667,2.00562014691657,1.0,0.6666666666666667
10,uniform,vehicular,46,learned LSTM (no graph attention),1.0280063807820579,68.54,2.0060507702214885,1.0,0.0
10,uniform,vehicular,47,none,0.35760210009209875,28.06,0.5766074390075318,1.0,0.0
10,uniform,vehicular,47,static,0.9839852364878037,67.12333333333333,1.8765105325138507,1.0,0.0
10,uniform,vehicular,47,random,0.7268716275826206,58.096666666666664,1.141529938186733,1.0,125.66666666666666
10,uniform,vehicular,47,reactive,0.9824604717840312,67.11,1.8709965799051504,1.0,1.3333333333333335
10,uniform,vehicular,47,cv,0.9839837514977228,67.12666666666667,1.8764089887061126,1.0,0.6666666666666667
10,uniform,vehicular,47,oracle,0.9845940960714282,67.24666666666667,1.8753207297491234,1.0,1.3333333333333335
10,uniform,vehicular,47,learned GAT-LSTM,0.9840260931861299,67.16333333333333,1.8755189433808634,1.0,0.6666666666666667
10,uniform,vehicular,47,learned LSTM (no graph attention),0.9840461665193323,67.17666666666666,1.8752133767302734,1.0,0.6666666666666667
10,uniform,vehicular,48,none,0.3487350057716056,27.413333333333334,0.560898506904079,1.0,0.0
10,uniform,vehicular,48,static,0.9861517014412626,67.17333333333333,1.8834525089766725,1.0,0.0
10,uniform,vehicular,48,random,0.7282465760790993,57.913333333333334,1.1521166927363584,1.0,131.66666666666666
10,uniform,vehicular,48,reactive,0.9855806599837748,67.13333333333334,1.8823935643741234,1.0,2.666666666666667
10,uniform,vehicular,48,cv,0.9861720388535222,67.22333333333333,1.88209415834041,1.0,2.666666666666667
10,uniform,vehicular,48,oracle,0.9863704716702761,67.21333333333334,1.8831490152488786,1.0,2.666666666666667
10,uniform,vehicular,48,learned GAT-LSTM,0.9861415074332666,67.19666666666667,1.8827424794072953,1.0,2.666666666666667
10,uniform,vehicular,48,learned LSTM (no graph attention),0.9861348450282407,67.18666666666667,1.8830041134552615,1.0,2.0
10,uniform,vehicular,49,none,0.35797286474130297,28.13,0.5760295920015692,1.0,0.0
10,uniform,vehicular,49,static,0.9985201170162324,67.28666666666666,1.9280311703686963,1.0,0.0
10,uniform,vehicular,49,random,0.7448734077029228,58.37,1.2032976831042475,1.0,129.0
10,uniform,vehicular,49,reactive,0.9985201170162324,67.28666666666666,1.9280311703686963,1.0,0.0
10,uniform,vehicular,49,cv,0.9985201170162324,67.28666666666666,1.9280311703686963,1.0,0.0
10,uniform,vehicular,49,oracle,0.9985201170162324,67.28666666666666,1.9280311703686963,1.0,0.0
10,uniform,vehicular,49,learned GAT-LSTM,0.9985201170162324,67.28666666666666,1.9280311703686963,1.0,0.0
10,uniform,vehicular,49,learned LSTM (no graph attention),0.9985201170162324,67.28666666666666,1.9280311703686963,1.0,0.0
10,uniform,vehicular,50,none,0.378718078226131,29.10333333333333,0.6282896922423977,1.0,0.0
10,uniform,vehicular,50,static,0.9884660929407488,67.63,1.8792789445301408,1.0,0.0
10,uniform,vehicular,50,random,0.7428812193408607,59.04,1.1763368311516498,1.0,129.66666666666666
10,uniform,vehicular,50,reactive,0.9879946941124718,67.60666666666667,1.8781263736748437,1.0,0.6666666666666667
10,uniform,vehicular,50,cv,0.9884660929407488,67.63,1.8792789445301408,1.0,0.0
10,uniform,vehicular,50,oracle,0.9885076755037299,67.63333333333334,1.8793439680726234,1.0,0.6666666666666667
10,uniform,vehicular,50,learned GAT-LSTM,0.9884660929407488,67.63,1.8792789445301408,1.0,0.0
10,uniform,vehicular,50,learned LSTM (no graph attention),0.9882958584196218,67.62,1.8789079497888739,1.0,0.6666666666666667
10,uniform,vehicular,51,none,0.37671990958594914,29.06,0.6218070148253317,1.0,0.0
10,uniform,vehicular,51,static,0.9891425191398487,67.63,1.88189507922071,1.0,0.0
10,uniform,vehicular,51,random,0.750169669676485,59.11333333333334,1.202417909493131,1.0,129.33333333333331
10,uniform,vehicular,51,reactive,0.9891425191398487,67.63,1.88189507922071,1.0,0.0
10,uniform,vehicular,51,cv,0.9891425191398487,67.63,1.88189507922071,1.0,0.0
10,uniform,vehicular,51,oracle,0.9891425191398487,67.63,1.88189507922071,1.0,0.0
10,uniform,vehicular,51,learned GAT-LSTM,0.9891425191398487,67.63,1.88189507922071,1.0,0.0
10,uniform,vehicular,51,learned LSTM (no graph attention),0.9891425191398487,67.63,1.88189507922071,1.0,0.0
10,uniform,vehicular,52,none,0.35371925452305564,27.956666666666667,0.5645600252483086,1.0,0.0
10,uniform,vehicular,52,static,0.9889498767856503,67.15,1.8949452886827256,1.0,0.0
10,uniform,vehicular,52,random,0.7266032799474176,58.10666666666667,1.140204679892019,1.0,134.0
10,uniform,vehicular,52,reactive,0.9889498767856503,67.15,1.8949452886827256,1.0,0.0
10,uniform,vehicular,52,cv,0.9889498767856503,67.15,1.8949452886827256,1.0,0.0
10,uniform,vehicular,52,oracle,0.9889498767856503,67.15,1.8949452886827256,1.0,0.0
10,uniform,vehicular,52,learned GAT-LSTM,0.9889498767856503,67.15,1.8949452886827256,1.0,0.0
10,uniform,vehicular,52,learned LSTM (no graph attention),0.9889498767856503,67.15,1.8949452886827256,1.0,0.0
10,uniform,vehicular,53,none,0.3675033795618902,28.58,0.5999565867775299,1.0,0.0
10,uniform,vehicular,53,static,1.003154488072795,67.81,1.9309143104823256,1.0,0.0
10,uniform,vehicular,53,random,0.7544967272560732,58.75666666666667,1.2294038171289625,1.0,127.66666666666666
10,uniform,vehicular,53,reactive,1.003154488072795,67.81,1.9309143104823256,1.0,0.0
10,uniform,vehicular,53,cv,1.003154488072795,67.81,1.9309143104823256,1.0,0.0
10,uniform,vehicular,53,oracle,1.003154488072795,67.81,1.9309143104823256,1.0,0.0
10,uniform,vehicular,53,learned GAT-LSTM,1.003154488072795,67.81,1.9309143104823256,1.0,0.0
10,uniform,vehicular,53,learned LSTM (no graph attention),1.003154488072795,67.81,1.9309143104823256,1.0,0.0
10,uniform,vehicular,54,none,0.3586906418108319,28.1,0.5796678589929445,1.0,0.0
10,uniform,vehicular,54,static,0.9769162181295676,66.77333333333333,1.8592295658730114,1.0,0.0
10,uniform,vehicular,54,random,0.7196550140026134,57.57666666666667,1.128563959454541,1.0,132.66666666666666
10,uniform,vehicular,54,reactive,0.9769162181295676,66.77333333333333,1.8592295658730114,1.0,0.0
10,uniform,vehicular,54,cv,0.9769162181295676,66.77333333333333,1.8592295658730114,1.0,0.0
10,uniform,vehicular,54,oracle,0.9769162181295676,66.77333333333333,1.8592295658730114,1.0,0.0
10,uniform,vehicular,54,learned GAT-LSTM,0.9769162181295676,66.77333333333333,1.8592295658730114,1.0,0.0
10,uniform,vehicular,54,learned LSTM (no graph attention),0.9769162181295676,66.77333333333333,1.8592295658730114,1.0,0.0
10,uniform,vehicular,55,none,0.3700445077862698,28.77,0.6043239842967381,1.0,0.0
10,uniform,vehicular,55,static,1.0033005784356077,67.95666666666666,1.9272641058002613,1.0,0.0
10,uniform,vehicular,55,random,0.748315474539658,58.88333333333333,1.2018568887493957,1.0,131.33333333333331
10,uniform,vehicular,55,reactive,1.001552341287117,67.93333333333334,1.9211732563445723,1.0,2.666666666666667
10,uniform,vehicular,55,cv,1.0032250902858773,67.96,1.9268763486060114,1.0,1.3333333333333335
10,uniform,vehicular,55,oracle,1.0035636569230022,67.98333333333333,1.9275151798933252,1.0,2.666666666666667
10,uniform,vehicular,55,learned GAT-LSTM,1.0032728064306642,67.96333333333334,1.9269650942872294,1.0,2.666666666666667
10,uniform,vehicular,55,learned LSTM (no graph attention),1.0031669045927452,67.95666666666666,1.9267471110741554,1.0,3.3333333333333335
10,uniform,vehicular,56,none,0.37553295432808803,28.953333333333333,0.6202819819738418,1.0,0.0
10,uniform,vehicular,56,static,0.9959308211959434,67.78,1.9038383812628066,1.0,0.0
10,uniform,vehicular,56,random,0.7499426471646312,58.92666666666667,1.2069047081631163,1.0,127.33333333333334
10,uniform,vehicular,56,reactive,0.9912791538007248,67.82,1.8846980641772442,1.0,3.3333333333333335
10,uniform,vehicular,56,cv,0.9953696676688683,67.83333333333333,1.900135265479067,1.0,3.3333333333333335
10,uniform,vehicular,56,oracle,0.9965949267726046,67.90666666666667,1.9027664464948544,1.0,3.3333333333333335
10,uniform,vehicular,56,learned GAT-LSTM,0.9956882536921574,67.83333333333333,1.90136742347142,1.0,0.6666666666666667
10,uniform,vehicular,56,learned LSTM (no graph attention),0.9950512091407069,67.83,1.8989994010696023,1.0,1.3333333333333335
10,uniform,vehicular,57,none,0.380801542908354,29.32,0.6301206339970594,1.0,0.0
10,uniform,vehicular,57,static,1.0256648477078836,68.64666666666666,1.9939290804253453,1.0,0.0
10,uniform,vehicular,57,random,0.7798212989964928,59.82333333333333,1.296692553438139,1.0,125.0
10,uniform,vehicular,57,reactive,1.0219829912808682,68.55666666666667,1.9822758069815996,1.0,1.3333333333333335
10,uniform,vehicular,57,cv,1.0246421900892577,68.62,1.9907402707476884,1.0,1.3333333333333335
10,uniform,vehicular,57,oracle,1.0257099876437954,68.64,1.9942952638586402,1.0,0.6666666666666667
10,uniform,vehicular,57,learned GAT-LSTM,1.0256648477078836,68.64666666666666,1.9939290804253453,1.0,0.0
10,uniform,vehicular,57,learned LSTM (no graph attention),1.0256648477078836,68.64666666666666,1.9939290804253453,1.0,0.0
10,uniform,vehicular,58,none,0.3649373643918458,28.476666666666667,0.5930021243158791,1.0,0.0
10,uniform,vehicular,58,static,1.000357540713783,67.73666666666666,1.9222044941729026,1.0,0.0
10,uniform,vehicular,58,random,0.7425695739578111,58.653333333333336,1.1862443729072372,1.0,123.0
10,uniform,vehicular,58,reactive,1.000357540713783,67.73666666666666,1.9222044941729026,1.0,0.0
10,uniform,vehicular,58,cv,1.000357540713783,67.73666666666666,1.9222044941729026,1.0,0.0
10,uniform,vehicular,58,oracle,1.000357540713783,67.73666666666666,1.9222044941729026,1.0,0.0
10,uniform,vehicular,58,learned GAT-LSTM,1.0002546612628003,67.72666666666667,1.9220940007780125,1.0,0.6666666666666667
10,uniform,vehicular,58,learned LSTM (no graph attention),1.0002499048677158,67.73333333333333,1.9218840040539666,1.0,0.6666666666666667
10,uniform,vehicular,59,none,0.37969472668914706,29.276666666666667,0.6270853363431352,1.0,0.0
10,uniform,vehicular,59,static,1.0074024065685039,68.37333333333333,1.9311532072960675,1.0,0.0
10,uniform,vehicular,59,random,0.7714539163992928,59.93666666666667,1.2610737875172382,1.0,128.66666666666666
10,uniform,vehicular,59,reactive,1.0074024065685039,68.37333333333333,1.9311532072960675,1.0,0.0
10,uniform,vehicular,59,cv,1.0073098819796058,68.36333333333333,1.9310827621931457,1.0,0.6666666666666667
10,uniform,vehicular,59,oracle,1.0074024065685039,68.37333333333333,1.9311532072960675,1.0,0.0
10,uniform,vehicular,59,learned GAT-LSTM,1.0074024065685039,68.37333333333333,1.9311532072960675,1.0,0.0
10,uniform,vehicular,59,learned LSTM (no graph attention),1.0074024065685039,68.37333333333333,1.9311532072960675,1.0,0.0
10,crowd,pedestrian,60,none,0.3950551906255214,30.016666666666666,0.6652255029424694,1.0,0.0
10,crowd,pedestrian,60,static,1.0052008334324483,68.43,1.9210098314961048,1.0,0.0
10,crowd,pedestrian,60,random,0.7692547986176959,59.343333333333334,1.2696210025524424,1.0,129.33333333333331
10,crowd,pedestrian,60,reactive,1.0151052281740218,70.55333333333333,1.898290994622893,1.0,2.666666666666667
10,crowd,pedestrian,60,cv,1.0234069703682591,70.62666666666667,1.9282910636636064,1.0,4.666666666666667
10,crowd,pedestrian,60,oracle,1.023920758801154,70.68,1.928745375483306,1.0,2.666666666666667
10,crowd,pedestrian,60,learned GAT-LSTM,1.0229132484475751,70.64,1.9259983510548457,1.0,7.000000000000001
10,crowd,pedestrian,60,learned LSTM (no graph attention),1.0231194082684107,70.63,1.92708309279548,1.0,6.0
10,crowd,pedestrian,61,none,0.39408449090047554,29.506666666666668,0.6761287150521297,1.0,0.0
10,crowd,pedestrian,61,static,1.023201311258357,67.82,2.0081596681687497,1.0,0.0
10,crowd,pedestrian,61,random,0.7820343740866765,58.89,1.3320759415216337,1.0,131.33333333333331
10,crowd,pedestrian,61,reactive,1.01985437006401,67.96,1.9911914738401575,1.0,4.666666666666667
10,crowd,pedestrian,61,cv,1.026075681727699,67.96666666666667,2.015061314142059,1.0,4.333333333333334
10,crowd,pedestrian,61,oracle,1.0267626251819615,68.09333333333333,2.014077706768776,1.0,5.0
10,crowd,pedestrian,61,learned GAT-LSTM,1.0240179878321307,68.05666666666667,2.0045163984453422,1.0,4.0
10,crowd,pedestrian,61,learned LSTM (no graph attention),1.0259342558743798,67.94666666666667,2.0150891407786937,1.0,4.0
10,crowd,pedestrian,62,none,0.3714914392105392,28.386666666666667,0.6209371679092655,1.0,0.0
10,crowd,pedestrian,62,static,0.9800852830401154,66.43,1.8813536384281564,1.0,0.0
10,crowd,pedestrian,62,random,0.7272259976990073,56.48,1.1893637292968215,1.0,132.33333333333331
10,crowd,pedestrian,62,reactive,0.9795267374880187,66.74666666666667,1.8700923709012287,1.0,4.333333333333334
10,crowd,pedestrian,62,cv,0.9821742168958114,66.87666666666667,1.8765954992118008,1.0,4.333333333333334
10,crowd,pedestrian,62,oracle,0.9823013602320105,66.87,1.8772788376289244,1.0,4.333333333333334
10,crowd,pedestrian,62,learned GAT-LSTM,0.9816567673772696,66.81666666666666,1.8763186288080047,1.0,3.0
10,crowd,pedestrian,62,learned LSTM (no graph attention),0.9820192962121482,66.83666666666667,1.8771459363767213,1.0,3.6666666666666665
10,crowd,pedestrian,63,none,0.38597809291286306,28.966666666666665,0.6602962238883071,1.0,0.0
10,crowd,pedestrian,63,static,1.0142008819980068,67.46,1.983696210377068,1.0,0.0
10,crowd,pedestrian,63,random,0.7668449534804903,58.13666666666666,1.2949805011940092,1.0,131.0
10,crowd,pedestrian,63,reactive,1.009117887652405,67.53666666666666,1.9618338950356589,1.0,4.0
10,crowd,pedestrian,63,cv,1.0135798406072971,67.66666666666667,1.9753546509869186,1.0,4.0
10,crowd,pedestrian,63,oracle,1.014681511007868,67.62666666666667,1.980765058879909,1.0,4.0
10,crowd,pedestrian,63,learned GAT-LSTM,1.008807062414158,67.66666666666667,1.956895533616712,1.0,2.0
10,crowd,pedestrian,63,learned LSTM (no graph attention),1.0101762462171016,67.68,1.9618077641271399,1.0,3.3333333333333335
10,crowd,pedestrian,64,none,0.3984660642120085,30.086666666666666,0.676405530579034,1.0,0.0
10,crowd,pedestrian,64,static,0.9801936187226412,66.73333333333333,1.8730547915857452,1.0,0.0
10,crowd,pedestrian,64,random,0.770615487283723,58.303333333333335,1.304773330627903,1.0,132.33333333333331
10,crowd,pedestrian,64,reactive,0.9821583881238041,67.62,1.8551707719938706,1.0,4.333333333333334
10,crowd,pedestrian,64,cv,0.9872703048931225,67.91333333333333,1.866511093399893,1.0,5.666666666666666
10,crowd,pedestrian,64,oracle,0.9877834599952348,67.87666666666667,1.8695495688511665,1.0,4.333333333333334
10,crowd,pedestrian,64,learned GAT-LSTM,0.9858891390474048,67.93333333333334,1.8605945164920161,1.0,4.333333333333334
10,crowd,pedestrian,64,learned LSTM (no graph attention),0.9870396045995428,67.91,1.8657146412754306,1.0,7.000000000000001
10,crowd,pedestrian,65,none,0.4171114030641361,30.153333333333332,0.7466019225797993,1.0,0.0
10,crowd,pedestrian,65,static,0.9997030917661605,66.68666666666667,1.9498505110638389,1.0,0.0
10,crowd,pedestrian,65,random,0.7666719490435762,57.72666666666667,1.3060948517555135,1.0,136.0
10,crowd,pedestrian,65,reactive,1.0346615752278765,69.26333333333334,2.011001584093714,1.0,2.0
10,crowd,pedestrian,65,cv,1.0418784512491523,69.23,2.0398714583257136,1.0,2.0
10,crowd,pedestrian,65,oracle,1.0418784512491523,69.23,2.0398714583257136,1.0,2.0
10,crowd,pedestrian,65,learned GAT-LSTM,1.0414971699467508,69.19,2.039546426935382,1.0,2.0
10,crowd,pedestrian,65,learned LSTM (no graph attention),1.0409839605526108,69.21,2.0369867439294542,1.0,2.0
10,crowd,pedestrian,66,none,0.40609131442784907,29.133333333333333,0.7332957598583515,1.0,0.0
10,crowd,pedestrian,66,static,1.014334272718268,68.39,1.9574837748277014,1.0,0.0
10,crowd,pedestrian,66,random,0.7794922454798735,58.42666666666667,1.3355603146983515,1.0,132.0
10,crowd,pedestrian,66,reactive,1.0169255271146422,69.03,1.9491119740382832,1.0,6.333333333333334
10,crowd,pedestrian,66,cv,1.04227289144636,69.26666666666667,2.0403431833230754,1.0,6.333333333333334
10,crowd,pedestrian,66,oracle,1.0423932526469202,69.3,2.0398506854471807,1.0,6.333333333333334
10,crowd,pedestrian,66,learned GAT-LSTM,1.0392691916286487,69.16,2.031791739499844,1.0,6.333333333333334
10,crowd,pedestrian,66,learned LSTM (no graph attention),1.0397675908272939,69.12,2.0348689457497295,1.0,5.0
10,crowd,pedestrian,67,none,0.34679740116546387,27.456666666666667,0.5521592533290779,1.0,0.0
10,crowd,pedestrian,67,static,0.9842355014693747,67.10666666666667,1.8779574556085576,1.0,0.0
10,crowd,pedestrian,67,random,0.7383888337790677,57.733333333333334,1.1965159457119683,1.0,125.0
10,crowd,pedestrian,67,reactive,0.9841348084441582,67.1,1.8777596179126526,1.0,0.6666666666666667
10,crowd,pedestrian,67,cv,0.9830112009446643,67.11,1.8731265708253098,1.0,1.3333333333333335
10,crowd,pedestrian,67,oracle,0.984247311965405,67.11,1.8779073332012481,1.0,0.6666666666666667
10,crowd,pedestrian,67,learned GAT-LSTM,0.9834506173463774,67.09666666666666,1.8752092523142552,1.0,1.3333333333333335
10,crowd,pedestrian,67,learned LSTM (no graph attention),0.9809917089535952,67.10333333333334,1.8655076182384138,1.0,1.3333333333333335
10,crowd,pedestrian,68,none,0.3762959201940311,27.996666666666666,0.6507275551912236,1.0,0.0
10,crowd,pedestrian,68,static,0.9930651275841069,66.41,1.9321290717016013,1.0,0.0
10,crowd,pedestrian,68,random,0.7359818353264732,56.94,1.2100071940211587,1.0,129.0
10,crowd,pedestrian,68,reactive,0.9933595887195091,66.51666666666667,1.9302023091643246,1.0,0.6666666666666667
10,crowd,pedestrian,68,cv,0.9938606797041083,66.57,1.9306075125446807,1.0,1.3333333333333335
10,crowd,pedestrian,68,oracle,0.9940793587713362,66.57333333333334,1.9313574715745176,1.0,0.6666666666666667
10,crowd,pedestrian,68,learned GAT-LSTM,0.9938683957047707,66.57,1.9306373548202063,1.0,0.6666666666666667
10,crowd,pedestrian,68,learned LSTM (no graph attention),0.9939242935741567,66.58333333333333,1.9304703425485092,1.0,1.3333333333333335
10,crowd,pedestrian,69,none,0.3960425032441205,29.436666666666667,0.685713301131329,1.0,0.0
10,crowd,pedestrian,69,static,0.9738568979435456,65.29,1.8900286058866929,1.0,0.0
10,crowd,pedestrian,69,random,0.7462101158352127,56.74,1.2553139502869826,1.0,128.33333333333334
10,crowd,pedestrian,69,reactive,0.9986952298604147,69.49,1.8653843133947006,1.0,2.3333333333333335
10,crowd,pedestrian,69,cv,1.0042857590698366,69.59666666666666,1.8839405354468735,1.0,2.666666666666667
10,crowd,pedestrian,69,oracle,1.004628433705587,69.61,1.8848826562157572,1.0,2.3333333333333335
10,crowd,pedestrian,69,learned GAT-LSTM,1.0009134990512736,69.63,1.8699400339712837,1.0,4.0
10,crowd,pedestrian,69,learned LSTM (no graph attention),1.0040915579309615,69.55666666666667,1.8843390521780812,1.0,3.3333333333333335
10,crowd,pedestrian,70,none,0.41740147100853187,30.816666666666666,0.7286594880390378,1.0,0.0
10,crowd,pedestrian,70,static,1.000137346002351,67.56,1.9264302984753974,1.0,0.0
10,crowd,pedestrian,70,random,0.7578365729038956,58.18,1.2588944323564322,1.0,126.66666666666666
10,crowd,pedestrian,70,reactive,1.0210652769899504,71.14,1.9044810947252602,1.0,3.0
10,crowd,pedestrian,70,cv,1.0261484841509874,71.41666666666667,1.9161893817532125,1.0,5.0
10,crowd,pedestrian,70,oracle,1.0261973414635661,71.43,1.915995139541385,1.0,3.0
10,crowd,pedestrian,70,learned GAT-LSTM,1.0257950063886123,71.41,1.9150138780221846,1.0,4.333333333333334
10,crowd,pedestrian,70,learned LSTM (no graph attention),1.025964832873057,71.44333333333333,1.9147126912535801,1.0,3.6666666666666665
10,crowd,pedestrian,71,none,0.45614692561157627,30.856666666666666,0.8773611564969569,1.0,0.0
10,crowd,pedestrian,71,static,0.994538870839484,67.28666666666666,1.912633369029022,1.0,0.0
10,crowd,pedestrian,71,random,0.791353650005027,58.89666666666667,1.3679274167270197,1.0,130.66666666666666
10,crowd,pedestrian,71,reactive,1.0808127368805285,69.60666666666667,2.1796275975501045,1.0,2.3333333333333335
10,crowd,pedestrian,71,cv,1.0944199244373407,69.86,2.2249736924428496,1.0,3.0
10,crowd,pedestrian,71,oracle,1.0956774345350224,69.86666666666666,2.2296456165622947,1.0,2.3333333333333335
10,crowd,pedestrian,71,learned GAT-LSTM,1.091034125525459,69.91333333333333,2.2103460252600304,1.0,3.0
10,crowd,pedestrian,71,learned LSTM (no graph attention),1.0923584682793182,69.84666666666666,2.2173840409131675,1.0,3.6666666666666665
10,crowd,pedestrian,72,none,0.4059516697266227,29.503333333333334,0.7221218185208077,1.0,0.0
10,crowd,pedestrian,72,static,1.011694204178969,68.38,1.9475604912136963,1.0,0.0
10,crowd,pedestrian,72,random,0.8044674021086426,59.75,1.3941210216129767,1.0,129.33333333333331
10,crowd,pedestrian,72,reactive,1.1014059188652436,70.32,2.238772141114575,1.0,3.6666666666666665
10,crowd,pedestrian,72,cv,1.097997849868301,70.43333333333334,2.2223339337946166,1.0,4.666666666666667
10,crowd,pedestrian,72,oracle,1.1038712728056652,70.46666666666667,2.2440918815795676,1.0,3.6666666666666665
10,crowd,pedestrian,72,learned GAT-LSTM,1.0974125006048951,70.39333333333333,2.221219652560434,1.0,4.333333333333334
10,crowd,pedestrian,72,learned LSTM (no graph attention),1.0973521070869572,70.41666666666667,2.2203154722033074,1.0,5.333333333333334
10,crowd,pedestrian,73,none,0.40199939990179223,29.483333333333334,0.7074108885458755,1.0,0.0
10,crowd,pedestrian,73,static,1.017509324918278,67.62333333333333,1.9917976653006462,1.0,0.0
10,crowd,pedestrian,73,random,0.7984445969255404,58.68,1.4015792763354997,1.0,124.33333333333334
10,crowd,pedestrian,73,reactive,1.0694233235343158,69.05333333333333,2.1514809728577227,1.0,4.0
10,crowd,pedestrian,73,cv,1.078087601362906,69.36,2.176177144733811,1.0,3.3333333333333335
10,crowd,pedestrian,73,oracle,1.0784308426174778,69.36666666666666,2.177313057917918,1.0,4.0
10,crowd,pedestrian,73,learned GAT-LSTM,1.0742524307815624,69.24666666666667,2.1646015194167716,1.0,4.0
10,crowd,pedestrian,73,learned LSTM (no graph attention),1.0764953615153414,69.29666666666667,2.171839233656758,1.0,4.0
10,crowd,pedestrian,74,none,0.38587119871925607,28.6,0.67042085502152,1.0,0.0
10,crowd,pedestrian,74,static,0.9629378924614915,64.45,1.8719401645050437,1.0,0.0
10,crowd,pedestrian,74,random,0.7302440241083544,55.67666666666667,1.2241241147730924,1.0,119.0
10,crowd,pedestrian,74,reactive,0.971129950150613,66.47333333333333,1.8454727359407912,1.0,2.666666666666667
10,crowd,pedestrian,74,cv,0.9822593786381081,66.58,1.8854511124988402,1.0,2.666666666666667
10,crowd,pedestrian,74,oracle,0.9822889858162608,66.52666666666667,1.8870984284851853,1.0,2.666666666666667
10,crowd,pedestrian,74,learned GAT-LSTM,0.9749167714500853,66.58666666666667,1.8568613663813225,1.0,3.6666666666666665
10,crowd,pedestrian,74,learned LSTM (no graph attention),0.97784450127789,66.55,1.8692384107869968,1.0,3.3333333333333335
10,crowd,pedestrian,75,none,0.41209744614740895,30.416666666666668,0.7196417880953295,1.0,0.0
10,crowd,pedestrian,75,static,0.9968981929759431,68.3,1.8926348965937942,1.0,0.0
10,crowd,pedestrian,75,random,0.7550770935915023,58.60666666666667,1.2359594541108494,1.0,132.0
10,crowd,pedestrian,75,reactive,1.019960540138423,69.45333333333333,1.9486834782338145,1.0,2.0
10,crowd,pedestrian,75,cv,1.025830826037756,69.58,1.9677468796867659,1.0,1.3333333333333335
10,crowd,pedestrian,75,oracle,1.0260118915366612,69.58,1.9684471655916909,1.0,2.0
10,crowd,pedestrian,75,learned GAT-LSTM,1.0255386742951262,69.57333333333334,1.966808559447308,1.0,3.3333333333333335
10,crowd,pedestrian,75,learned LSTM (no graph attention),1.025710294051421,69.58666666666667,1.9670891112161573,1.0,1.3333333333333335
10,crowd,pedestrian,76,none,0.3848952047847348,28.44333333333333,0.6711487399399895,1.0,0.0
10,crowd,pedestrian,76,static,1.0016556619009134,67.53,1.933164716095725,1.0,0.0
10,crowd,pedestrian,76,random,0.7956049458906036,58.7,1.3900218864249994,1.0,135.66666666666666
10,crowd,pedestrian,76,reactive,1.0249940248799316,68.38,1.9989986560282038,1.0,5.0
10,crowd,pedestrian,76,cv,1.038571560234021,68.56666666666666,2.0461460782531953,1.0,6.0
10,crowd,pedestrian,76,oracle,1.0412525869906695,68.57666666666667,2.0562277711857826,1.0,5.0
10,crowd,pedestrian,76,learned GAT-LSTM,1.0360182746850015,68.38333333333334,2.041540060298177,1.0,5.333333333333334
10,crowd,pedestrian,76,learned LSTM (no graph attention),1.0393377134302935,68.45666666666666,2.0522706555824373,1.0,5.0
10,crowd,pedestrian,77,none,0.39126375523577117,29.11,0.676619542519369,1.0,0.0
10,crowd,pedestrian,77,static,0.9789974093181842,66.31333333333333,1.8804992131277596,1.0,0.0
10,crowd,pedestrian,77,random,0.7400011883243878,56.52,1.2376232377591097,1.0,122.66666666666666
10,crowd,pedestrian,77,reactive,0.9864820939414388,67.94666666666667,1.8625046170152795,1.0,5.0
10,crowd,pedestrian,77,cv,0.9924367242571713,68.20333333333333,1.8781580086175083,1.0,4.333333333333334
10,crowd,pedestrian,77,oracle,0.992879943004488,68.21666666666667,1.8794889921160587,1.0,5.0
10,crowd,pedestrian,77,learned GAT-LSTM,0.9908990858946533,68.39333333333333,1.8667504364845646,1.0,4.666666666666667
10,crowd,pedestrian,77,learned LSTM (no graph attention),0.9917754440554358,68.19333333333333,1.8758878537884092,1.0,3.0
10,crowd,pedestrian,78,none,0.4337923504587379,30.29,0.8071890567468694,1.0,0.0
10,crowd,pedestrian,78,static,1.034285422333074,69.59666666666666,1.9999667329430841,1.0,0.0
10,crowd,pedestrian,78,random,0.8491279102025281,60.763333333333335,1.5377259107606354,1.0,125.66666666666666
10,crowd,pedestrian,78,reactive,1.1372636456310257,71.66666666666667,2.3387514914678698,1.0,3.0
10,crowd,pedestrian,78,cv,1.157463772085984,71.8,2.4130451443834846,1.0,3.0
10,crowd,pedestrian,78,oracle,1.1611972552331686,71.85666666666667,2.4258560933180346,1.0,3.0
10,crowd,pedestrian,78,learned GAT-LSTM,1.1548897501577755,71.62,2.4082631262691643,1.0,2.3333333333333335
10,crowd,pedestrian,78,learned LSTM (no graph attention),1.1569074244024045,71.78666666666666,2.4112766252970776,1.0,3.0
10,crowd,pedestrian,79,none,0.4079796761184221,30.69333333333333,0.6957645291376359,1.0,0.0
10,crowd,pedestrian,79,static,1.0109392384299962,68.98666666666666,1.9272049100253648,1.0,0.0
10,crowd,pedestrian,79,random,0.7832726195551846,59.92333333333333,1.3071668087463728,1.0,132.0
10,crowd,pedestrian,79,reactive,1.0117317628609739,69.46,1.9166663954522551,1.0,9.666666666666666
10,crowd,pedestrian,79,cv,1.0143957768292948,69.52666666666667,1.9250536817657597,1.0,10.333333333333334
10,crowd,pedestrian,79,oracle,1.0153705832115072,69.57333333333334,1.9274826198900745,1.0,9.666666666666666
10,crowd,pedestrian,79,learned GAT-LSTM,1.0133141585591405,69.58666666666667,1.9191460242489242,1.0,9.0
10,crowd,pedestrian,79,learned LSTM (no graph attention),1.01395031901418,69.53666666666666,1.9230434350919199,1.0,9.666666666666666
10,crowd,pedestrian,80,none,0.4167067849128902,30.03,0.7485816461033745,1.0,0.0
10,crowd,pedestrian,80,static,0.9904580102958266,66.51666666666667,1.9189802128266809,1.0,0.0
10,crowd,pedestrian,80,random,0.742933587585929,56.57666666666667,1.2473359280128493,1.0,129.0
10,crowd,pedestrian,80,reactive,1.0204221683309675,68.31333333333333,1.9832326295564826,1.0,2.0
10,crowd,pedestrian,80,cv,1.0231507060382345,68.48333333333333,1.9888996517764463,1.0,2.0
10,crowd,pedestrian,80,oracle,1.0232182471617286,68.5,1.9886818702753695,1.0,2.0
10,crowd,pedestrian,80,learned GAT-LSTM,1.021848725060722,68.44666666666667,1.984917937187283,1.0,2.0
10,crowd,pedestrian,80,learned LSTM (no graph attention),1.0221853487981187,68.32333333333334,1.9897644754817263,1.0,2.0
10,crowd,pedestrian,81,none,0.37333196146704795,27.97,0.6400306017113693,1.0,0.0
10,crowd,pedestrian,81,static,0.9773647006720095,65.17333333333333,1.9069483422088251,1.0,0.0
10,crowd,pedestrian,81,random,0.7329539457930714,55.81666666666667,1.2305813423383156,1.0,129.66666666666666
10,crowd,pedestrian,81,reactive,0.984918364371996,67.25333333333333,1.876383263452631,1.0,2.666666666666667
10,crowd,pedestrian,81,cv,0.9883276263997497,67.49,1.882767034008635,1.0,2.0
10,crowd,pedestrian,81,oracle,0.9884103474609169,67.49666666666667,1.8828953636360029,1.0,2.666666666666667
10,crowd,pedestrian,81,learned GAT-LSTM,0.9866345990089165,67.54666666666667,1.8745905012546518,1.0,1.6666666666666667
10,crowd,pedestrian,81,learned LSTM (no graph attention),0.9873186497736549,67.49333333333334,1.8787689323458907,1.0,1.6666666666666667
10,crowd,pedestrian,82,none,0.3718863662908623,28.42,0.6215065764525047,1.0,0.0
10,crowd,pedestrian,82,static,0.9637913973223045,65.62,1.8416151954905262,1.0,0.0
10,crowd,pedestrian,82,random,0.7050932878358415,55.74333333333333,1.1249355367699634,1.0,131.0
10,crowd,pedestrian,82,reactive,0.9532944086194685,65.92,1.7923951733472723,1.0,2.666666666666667
10,crowd,pedestrian,82,cv,0.9648039021261092,65.89,1.8377713029162537,1.0,3.3333333333333335
10,crowd,pedestrian,82,oracle,0.9651010374497608,65.98666666666666,1.8361422844794386,1.0,2.666666666666667
10,crowd,pedestrian,82,learned GAT-LSTM,0.9609110094592681,66.02333333333333,1.8188831967442096,1.0,4.0
10,crowd,pedestrian,82,learned LSTM (no graph attention),0.9632618171623171,65.79666666666667,1.8344895743952343,1.0,4.0
10,crowd,pedestrian,83,none,0.3806834290201333,28.78,0.6451834972390196,1.0,0.0
10,crowd,pedestrian,83,static,1.0106730670425068,67.09,1.9806859458884696,1.0,0.0
10,crowd,pedestrian,83,random,0.7741188694106764,58.156666666666666,1.3225381742690476,1.0,126.66666666666666
10,crowd,pedestrian,83,reactive,1.0053303459571767,67.77,1.9404792279793401,1.0,3.3333333333333335
10,crowd,pedestrian,83,cv,1.0157133105244371,68.01333333333334,1.9736427732450408,1.0,5.666666666666666
10,crowd,pedestrian,83,oracle,1.0163960141536863,68.08333333333333,1.974271376237795,1.0,3.6666666666666665
10,crowd,pedestrian,83,learned GAT-LSTM,1.0133990461549827,68.02333333333333,1.9644047614975253,1.0,4.0
10,crowd,pedestrian,83,learned LSTM (no graph attention),1.0150194161184052,68.07333333333334,1.9692346700811285,1.0,4.666666666666667
10,crowd,pedestrian,84,none,0.4069101439864066,30.263333333333332,0.7039862870412111,1.0,0.0
10,crowd,pedestrian,84,static,1.0261264493965163,68.89666666666666,1.988529327056381,1.0,0.0
10,crowd,pedestrian,84,random,0.7847624574796348,59.28333333333333,1.3313225741577037,1.0,126.0
10,crowd,pedestrian,84,reactive,1.0428209039906442,70.19666666666667,2.0157343322279133,1.0,2.666666666666667
10,crowd,pedestrian,84,cv,1.0465073281370516,70.56333333333333,2.019453831463863,1.0,6.333333333333334
10,crowd,pedestrian,84,oracle,1.0481121360128665,70.58666666666667,2.024989956255738,1.0,2.666666666666667
10,crowd,pedestrian,84,learned GAT-LSTM,1.0394965707810362,70.55333333333333,1.992626544648455,1.0,6.333333333333334
10,crowd,pedestrian,84,learned LSTM (no graph attention),1.0466367796754386,70.47333333333333,2.0225411091667214,1.0,5.666666666666666
10,crowd,pedestrian,85,none,0.39545751374722665,29.94,0.6689849322923498,1.0,0.0
10,crowd,pedestrian,85,static,1.000619693865251,68.05,1.9142131477544255,1.0,0.0
10,crowd,pedestrian,85,random,0.758556894202356,59.336666666666666,1.2284375667559655,1.0,127.66666666666666
10,crowd,pedestrian,85,reactive,0.9982136921379746,68.05666666666667,1.9047161346160586,1.0,4.0
10,crowd,pedestrian,85,cv,1.0008053850404057,68.17,1.9114825063928274,1.0,3.3333333333333335
10,crowd,pedestrian,85,oracle,1.0009824244454246,68.14333333333333,1.912933624923018,1.0,4.0
10,crowd,pedestrian,85,learned GAT-LSTM,1.0005804112459076,68.13,1.9117620073141763,1.0,2.666666666666667
10,crowd,pedestrian,85,learned LSTM (no graph attention),1.0004470733264568,68.16,1.9103841074361405,1.0,3.3333333333333335
10,crowd,pedestrian,86,none,0.42566712736907797,30.84,0.7599569993838358,1.0,0.0
10,crowd,pedestrian,86,static,1.025822389428016,68.02666666666667,2.0123572763391464,1.0,0.0
10,crowd,pedestrian,86,random,0.8091311586815166,59.86666666666667,1.408805471812195,1.0,133.33333333333331
10,crowd,pedestrian,86,reactive,1.0336702576941128,69.69666666666667,1.9947135178954583,1.0,3.6666666666666665
10,crowd,pedestrian,86,cv,1.056036905222307,69.78333333333333,2.0787275783826753,1.0,4.333333333333334
10,crowd,pedestrian,86,oracle,1.0588840543380755,70.04333333333334,2.0822667270175734,1.0,3.6666666666666665
10,crowd,pedestrian,86,learned GAT-LSTM,1.0488902067834414,69.95,2.0462971024041408,1.0,6.666666666666667
10,crowd,pedestrian,86,learned LSTM (no graph attention),1.0547881156234757,69.91666666666667,2.0700657611551887,1.0,4.333333333333334
10,crowd,pedestrian,87,none,0.40119992315446823,30.046666666666667,0.6881285636655328,1.0,0.0
10,crowd,pedestrian,87,static,0.9796821623181646,66.11,1.8889913819908968,1.0,0.0
10,crowd,pedestrian,87,random,0.7615952375532247,58.07333333333333,1.2764969966068744,1.0,128.0
10,crowd,pedestrian,87,reactive,0.9796481167547305,67.73,1.8423006722966457,1.0,3.3333333333333335
10,crowd,pedestrian,87,cv,0.9881127112968098,67.54333333333334,1.880403024181752,1.0,6.333333333333334
10,crowd,pedestrian,87,oracle,0.9895542109384322,67.86666666666666,1.8766854971324969,1.0,3.3333333333333335
10,crowd,pedestrian,87,learned GAT-LSTM,0.9866996684496421,67.56333333333333,1.8743631603145066,1.0,4.0
10,crowd,pedestrian,87,learned LSTM (no graph attention),0.9875554563921567,67.51,1.8792057992513902,1.0,6.333333333333334
10,crowd,pedestrian,88,none,0.38737817035273303,28.706666666666667,0.6731835778721753,1.0,0.0
10,crowd,pedestrian,88,static,0.9885756798870092,66.67,1.9072933208154503,1.0,0.0
10,crowd,pedestrian,88,random,0.7478293569823379,57.02,1.2535292596243315,1.0,124.66666666666666
10,crowd,pedestrian,88,reactive,0.9843303139346095,67.21666666666667,1.8751627347181348,1.0,3.6666666666666665
10,crowd,pedestrian,88,cv,0.9941645537838857,67.40333333333334,1.9078326496552238,1.0,3.6666666666666665
10,crowd,pedestrian,88,oracle,0.9959085664881748,67.39,1.914960966054379,1.0,3.6666666666666665
10,crowd,pedestrian,88,learned GAT-LSTM,0.9921722837099134,67.21666666666667,1.9054922062833612,1.0,2.666666666666667
10,crowd,pedestrian,88,learned LSTM (no graph attention),0.9921063326779977,67.27,1.9037043274141114,1.0,4.333333333333334
10,crowd,pedestrian,89,none,0.39131065197043746,28.823333333333334,0.6850397612462612,1.0,0.0
10,crowd,pedestrian,89,static,1.0204335403772489,67.76666666666667,1.9989878914097075,1.0,0.0
10,crowd,pedestrian,89,random,0.7608856236106154,57.973333333333336,1.2766265200985205,1.0,132.66666666666666
10,crowd,pedestrian,89,reactive,1.019266752266213,67.87666666666667,1.9913138251633298,1.0,2.666666666666667
10,crowd,pedestrian,89,cv,1.020537453409002,67.95333333333333,1.9940249565669093,1.0,4.666666666666667
10,crowd,pedestrian,89,oracle,1.0208918415513684,67.91333333333333,1.9965451880564176,1.0,2.666666666666667
10,crowd,pedestrian,89,learned GAT-LSTM,1.02034573698591,67.95333333333333,1.9932834773251678,1.0,2.666666666666667
10,crowd,pedestrian,89,learned LSTM (no graph attention),1.0205525707571734,67.94,1.9944666261100978,1.0,2.666666666666667
10,crowd,vehicular,90,none,0.3998492390676607,28.87,0.7167222515640528,1.0,0.0
10,crowd,vehicular,90,static,0.9934403264473318,65.83666666666667,1.9500578679653422,1.0,0.0
10,crowd,vehicular,90,random,0.7487345230688551,56.61333333333334,1.2687177240426353,1.0,127.66666666666666
10,crowd,vehicular,90,reactive,0.9968823604180165,68.11333333333333,1.8979384900087268,1.0,10.0
10,crowd,vehicular,90,cv,1.0107197423408643,67.66666666666667,1.9642929826139142,1.0,12.0
10,crowd,vehicular,90,oracle,1.0209977810672053,68.27,1.98670426608195,1.0,10.666666666666668
10,crowd,vehicular,90,learned GAT-LSTM,1.0096467672539582,67.83666666666667,1.9552573373282196,1.0,10.333333333333334
10,crowd,vehicular,90,learned LSTM (no graph attention),1.013068001641843,67.73666666666666,1.9713632609552678,1.0,8.0
10,crowd,vehicular,91,none,0.4190627516479022,30.43,0.7461974855872148,1.0,0.0
10,crowd,vehicular,91,static,1.0061332442377067,67.42666666666666,1.953451953923878,1.0,0.0
10,crowd,vehicular,91,random,0.7797130660570878,58.48,1.3348815489236467,1.0,134.33333333333331
10,crowd,vehicular,91,reactive,1.0214591260039307,68.92333333333333,1.9697116610358432,1.0,7.333333333333333
10,crowd,vehicular,91,cv,1.0275694418299872,69.39333333333333,1.9798359482914076,1.0,5.0
10,crowd,vehicular,91,oracle,1.0369201531186532,69.47,2.013797192228943,1.0,7.666666666666666
10,crowd,vehicular,91,learned GAT-LSTM,1.0292595501721613,69.45666666666666,1.984552373926595,1.0,8.666666666666668
10,crowd,vehicular,91,learned LSTM (no graph attention),1.028463256720923,69.29666666666667,1.9860710659231822,1.0,9.0
10,crowd,vehicular,92,none,0.37876194593325946,28.246666666666666,0.653080078863502,1.0,0.0
10,crowd,vehicular,92,static,1.0050204722298175,65.87666666666667,1.993695440916493,1.0,0.0
10,crowd,vehicular,92,random,0.7677104677661624,56.67,1.3404801631530798,1.0,133.33333333333331
10,crowd,vehicular,92,reactive,1.0012412884858424,67.10333333333334,1.9438245544455897,1.0,8.666666666666668
10,crowd,vehicular,92,cv,1.0070006730727874,67.02666666666667,1.968302865407949,1.0,14.333333333333334
10,crowd,vehicular,92,oracle,1.0237545456403567,67.31,2.0249568224244876,1.0,8.666666666666668
10,crowd,vehicular,92,learned GAT-LSTM,1.0076180067944331,67.13,1.9677206399873013,1.0,13.0
10,crowd,vehicular,92,learned LSTM (no graph attention),1.010143317867627,66.96333333333334,1.9822775152360221,1.0,11.666666666666666
10,crowd,vehicular,93,none,0.40296346316641984,29.183333333333334,0.7197615271928942,1.0,0.0
10,crowd,vehicular,93,static,1.0040814310286517,66.00666666666666,1.986327401912691,1.0,0.0
10,crowd,vehicular,93,random,0.7753802393399652,57.413333333333334,1.3487801357017861,1.0,127.66666666666666
10,crowd,vehicular,93,reactive,0.9970169469584323,67.58,1.9137870922458606,1.0,12.0
10,crowd,vehicular,93,cv,1.0070672130652414,67.63,1.9512203266142467,1.0,9.333333333333334
10,crowd,vehicular,93,oracle,1.0209179654463119,67.94,1.9958798205181165,1.0,12.666666666666668
10,crowd,vehicular,93,learned GAT-LSTM,1.0030512819035315,67.49,1.9397119985690001,1.0,13.333333333333334
10,crowd,vehicular,93,learned LSTM (no graph attention),1.0012665225361737,67.64,1.928498271175916,1.0,12.666666666666668
10,crowd,vehicular,94,none,0.41223580001399623,29.543333333333333,0.7452766102358138,1.0,0.0
10,crowd,vehicular,94,static,1.0146320812096148,66.11,2.024163105626381,1.0,0.0
10,crowd,vehicular,94,random,0.7907846655996655,57.6,1.4029932107362273,1.0,129.66666666666666
10,crowd,vehicular,94,reactive,1.0205550633725506,67.84,1.9973502810534978,1.0,14.333333333333334
10,crowd,vehicular,94,cv,1.048867021368503,67.91666666666667,2.104645726642887,1.0,12.666666666666668
10,crowd,vehicular,94,oracle,1.0688086486363018,68.27666666666667,2.1714251794415214,1.0,14.666666666666666
10,crowd,vehicular,94,learned GAT-LSTM,1.0505266387459717,67.93,2.110681233204172,1.0,15.333333333333332
10,crowd,vehicular,94,learned LSTM (no graph attention),1.0452400060251283,68.06,2.0864985217199252,1.0,17.666666666666668
10,crowd,vehicular,95,none,0.3854105706067225,28.803333333333335,0.6627955078365643,1.0,0.0
10,crowd,vehicular,95,static,0.9957033810148719,65.46333333333334,1.9695400743861793,1.0,0.0
10,crowd,vehicular,95,random,0.7354946711172313,55.306666666666665,1.2550652834274088,1.0,125.33333333333334
10,crowd,vehicular,95,reactive,0.9944391375782758,67.33,1.9110022360275352,1.0,9.0
10,crowd,vehicular,95,cv,1.0179226810842856,67.65666666666667,1.9924383498684377,1.0,10.333333333333334
10,crowd,vehicular,95,oracle,1.0310646274837423,67.81333333333333,2.0387632998781484,1.0,9.0
10,crowd,vehicular,95,learned GAT-LSTM,1.0117107943095722,67.79333333333334,1.9644855402611414,1.0,8.333333333333332
10,crowd,vehicular,95,learned LSTM (no graph attention),1.0206097462119994,67.59666666666666,2.0045552068862937,1.0,7.666666666666666
10,crowd,vehicular,96,none,0.40448691651697716,29.756666666666668,0.7091759265777152,1.0,0.0
10,crowd,vehicular,96,static,0.985075732274518,66.35,1.9029538283252199,1.0,0.0
10,crowd,vehicular,96,random,0.7654125918310909,57.92333333333333,1.2955719541893465,1.0,133.33333333333331
10,crowd,vehicular,96,reactive,0.9670146206775028,67.16333333333333,1.8097256559139987,1.0,12.333333333333334
10,crowd,vehicular,96,cv,0.9945688579740427,67.52,1.9060433128306904,1.0,12.0
10,crowd,vehicular,96,oracle,1.001165042343697,67.73,1.925519174984175,1.0,13.0
10,crowd,vehicular,96,learned GAT-LSTM,0.9923308630941531,67.51333333333334,1.8975792821137725,1.0,12.333333333333334
10,crowd,vehicular,96,learned LSTM (no graph attention),0.9914681290606029,67.51333333333334,1.894242586348723,1.0,10.333333333333334
10,crowd,vehicular,97,none,0.40197450122484374,28.883333333333333,0.7245586781123442,1.0,0.0
10,crowd,vehicular,97,static,0.9856789034807428,65.05333333333333,1.942553031836156,1.0,0.0
10,crowd,vehicular,97,random,0.7514040233391481,56.31333333333333,1.2876642824204991,1.0,129.33333333333331
10,crowd,vehicular,97,reactive,0.98494727429803,67.38333333333334,1.8727588560911477,1.0,11.666666666666666
10,crowd,vehicular,97,cv,1.0105106137482294,67.69333333333333,1.9627177564766762,1.0,15.666666666666668
10,crowd,vehicular,97,oracle,1.0280187192823387,68.09,2.019031555855224,1.0,12.0
10,crowd,vehicular,97,learned GAT-LSTM,1.0139700053869225,67.8,1.973031626389651,1.0,15.333333333333332
10,crowd,vehicular,97,learned LSTM (no graph attention),1.0160722261422699,67.82666666666667,1.980395736456909,1.0,15.333333333333332
10,crowd,vehicular,98,none,0.39168211721978724,28.61,0.6926076650826222,1.0,0.0
10,crowd,vehicular,98,static,0.9863570347552983,65.24,1.939810933896116,1.0,0.0
10,crowd,vehicular,98,random,0.7499855969085527,56.053333333333335,1.2896508378237646,1.0,128.66666666666666
10,crowd,vehicular,98,reactive,0.9826807930219794,66.30333333333333,1.8950324079874394,1.0,6.333333333333334
10,crowd,vehicular,98,cv,0.9885581353560592,66.49666666666667,1.9122070910926277,1.0,11.0
10,crowd,vehicular,98,oracle,1.0021724373658756,66.93333333333334,1.9523116750580451,1.0,7.000000000000001
10,crowd,vehicular,98,learned GAT-LSTM,0.9905200968086562,66.80333333333333,1.9109814958908844,1.0,11.0
10,crowd,vehicular,98,learned LSTM (no graph attention),0.9878813007304021,66.77333333333333,1.901637936535149,1.0,10.0
10,crowd,vehicular,99,none,0.4093682141284407,29.73,0.7288211557199065,1.0,0.0
10,crowd,vehicular,99,static,1.0263524003835445,67.13,2.0401774683012928,1.0,0.0
10,crowd,vehicular,99,random,0.7787601146640049,57.95333333333333,1.3463324066104014,1.0,133.66666666666666
10,crowd,vehicular,99,reactive,1.0170957824453697,68.21333333333334,1.9732415695070533,1.0,9.666666666666666
10,crowd,vehicular,99,cv,1.0301064032694964,68.63333333333334,2.0114903686072827,1.0,18.0
10,crowd,vehicular,99,oracle,1.0429050543702336,68.62333333333333,2.0612776196857987,1.0,10.666666666666668
10,crowd,vehicular,99,learned GAT-LSTM,1.0306935680207399,68.53,2.016731092240829,1.0,18.0
10,crowd,vehicular,99,learned LSTM (no graph attention),1.0293427218884386,68.50333333333333,2.01227298613909,1.0,18.666666666666668
10,crowd,vehicular,100,none,0.4157888341935961,28.913333333333334,0.7771245576323231,1.0,0.0
10,crowd,vehicular,100,static,1.0126935361353027,65.47,2.035059314108134,1.0,0.0
10,crowd,vehicular,100,random,0.7908944484191378,57.693333333333335,1.4007353913625613,1.0,127.33333333333334
10,crowd,vehicular,100,reactive,1.0213801603277182,67.09333333333333,2.0220007208897264,1.0,6.666666666666667
10,crowd,vehicular,100,cv,1.033195483392857,66.91,2.072966494063943,1.0,13.0
10,crowd,vehicular,100,oracle,1.0519828080916491,67.32666666666667,2.133652977248117,1.0,6.666666666666667
10,crowd,vehicular,100,learned GAT-LSTM,1.0430287136562526,67.08,2.1061115067678,1.0,13.333333333333334
10,crowd,vehicular,100,learned LSTM (no graph attention),1.0383505241733784,67.19333333333333,2.084761002631322,1.0,8.666666666666668
10,crowd,vehicular,101,none,0.40902471009039715,29.49,0.7343902601388457,1.0,0.0
10,crowd,vehicular,101,static,1.003637646590857,66.27,1.9770427903159111,1.0,0.0
10,crowd,vehicular,101,random,0.7725122214657818,57.28666666666667,1.3413282560104605,1.0,126.33333333333334
10,crowd,vehicular,101,reactive,1.0308622915486036,68.28666666666666,2.024377079938905,1.0,6.666666666666667
10,crowd,vehicular,101,cv,1.0538163252045514,68.36666666666666,2.1108545061909028,1.0,8.666666666666668
10,crowd,vehicular,101,oracle,1.0635806109597667,68.77,2.1370268363243126,1.0,7.000000000000001
10,crowd,vehicular,101,learned GAT-LSTM,1.0502784681534736,68.50333333333333,2.0932437293625368,1.0,10.0
10,crowd,vehicular,101,learned LSTM (no graph attention),1.0529950031714206,68.47,2.104708159757692,1.0,9.666666666666666
10,crowd,vehicular,102,none,0.3845522533691994,28.483333333333334,0.6686727409445048,1.0,0.0
10,crowd,vehicular,102,static,0.9859190237951765,65.21,1.938979094372784,1.0,0.0
10,crowd,vehicular,102,random,0.7471783185242384,56.38333333333333,1.269309206745369,1.0,130.0
10,crowd,vehicular,102,reactive,0.9855871299607956,67.14333333333333,1.8821311860948118,1.0,8.666666666666668
10,crowd,vehicular,102,cv,1.0062862573442632,66.55,1.9792392723813335,1.0,15.0
10,crowd,vehicular,102,oracle,1.0177950741094337,67.54666666666667,1.9951062352602003,1.0,8.666666666666668
10,crowd,vehicular,102,learned GAT-LSTM,0.9921691542532327,66.8,1.9174551634560533,1.0,12.666666666666668
10,crowd,vehicular,102,learned LSTM (no graph attention),1.001039599483298,66.49333333333334,1.9605759941507237,1.0,15.333333333333332
10,crowd,vehicular,103,none,0.4182544707610373,30.64,0.7370359613584486,1.0,0.0
10,crowd,vehicular,103,static,1.024055072039185,67.68,2.015485279495182,1.0,0.0
10,crowd,vehicular,103,random,0.7899462188233726,58.29333333333334,1.379823947112095,1.0,128.66666666666666
10,crowd,vehicular,103,reactive,1.0150220800586025,69.08333333333333,1.9402174261800258,1.0,14.000000000000002
10,crowd,vehicular,103,cv,1.0428554216191488,69.07333333333334,2.0481525954294066,1.0,15.666666666666668
10,crowd,vehicular,103,oracle,1.0536454884852002,69.43333333333334,2.0795376257888787,1.0,14.000000000000002
10,crowd,vehicular,103,learned GAT-LSTM,1.0423993158934082,69.27666666666667,2.0405447389522156,1.0,12.333333333333334
10,crowd,vehicular,103,learned LSTM (no graph attention),1.0439519993474176,69.20666666666666,2.0485616817753187,1.0,14.666666666666666
10,crowd,vehicular,104,none,0.42477070124571137,29.456666666666667,0.796247197869739,1.0,0.0
10,crowd,vehicular,104,static,0.9868023086224537,65.58333333333333,1.9316656177410099,1.0,0.0
10,crowd,vehicular,104,random,0.7667659158308632,56.596666666666664,1.3389346405021187,1.0,126.33333333333334
10,crowd,vehicular,104,reactive,1.067400923899593,68.97333333333333,2.1459583853835693,1.0,4.666666666666667
10,crowd,vehicular,104,cv,1.0787582008800167,68.96666666666667,2.1900752014594356,1.0,9.333333333333334
10,crowd,vehicular,104,oracle,1.0840462443248722,69.31,2.200659700186599,1.0,5.0
10,crowd,vehicular,104,learned GAT-LSTM,1.076862601225432,69.03,2.1809236026256453,1.0,8.333333333333332
10,crowd,vehicular,104,learned LSTM (no graph attention),1.0740158048089337,68.97333333333333,2.171541988508261,1.0,10.333333333333334
10,crowd,vehicular,105,none,0.40153966309959177,29.30666666666667,0.7107102438516502,1.0,0.0
10,crowd,vehicular,105,static,0.9934883737922015,65.84,1.9501478945904795,1.0,0.0
10,crowd,vehicular,105,random,0.7787341279111842,57.79,1.3509261244364457,1.0,134.66666666666666
10,crowd,vehicular,105,reactive,0.991161372726585,67.77,1.8856795433313551,1.0,8.0
10,crowd,vehicular,105,cv,1.0107836171641853,67.78,1.961282807330546,1.0,11.0
10,crowd,vehicular,105,oracle,1.0178580850577938,68.36333333333333,1.9718788165635215,1.0,9.333333333333334
10,crowd,vehicular,105,learned GAT-LSTM,1.0059496172342246,67.94666666666667,1.9377968855487993,1.0,11.0
10,crowd,vehicular,105,learned LSTM (no graph attention),1.0073919710574761,67.90333333333334,1.9446207154524882,1.0,13.0
10,crowd,vehicular,106,none,0.40760831084109606,29.586666666666666,0.7261340039549449,1.0,0.0
10,crowd,vehicular,106,static,1.0309693409956007,67.36333333333333,2.051327836900936,1.0,0.0
10,crowd,vehicular,106,random,0.7834541072307544,58.03666666666667,1.3620918018840258,1.0,129.66666666666666
10,crowd,vehicular,106,reactive,1.02785398365074,68.47666666666667,2.0072815708293907,1.0,8.666666666666668
10,crowd,vehicular,106,cv,1.0510480656288208,68.49666666666667,2.0964118126975277,1.0,7.333333333333333
10,crowd,vehicular,106,oracle,1.0578927086873728,68.7,2.1170402105037183,1.0,9.666666666666666
10,crowd,vehicular,106,learned GAT-LSTM,1.046371508872897,68.62333333333333,2.0746844213291538,1.0,10.333333333333334
10,crowd,vehicular,106,learned LSTM (no graph attention),1.0528330539563937,68.51666666666667,2.102740600885594,1.0,8.333333333333332
10,crowd,vehicular,107,none,0.4090498065933982,29.35,0.7385109433194664,1.0,0.0
10,crowd,vehicular,107,static,0.9998103202977578,66.04333333333334,1.9687547199224613,1.0,0.0
10,crowd,vehicular,107,random,0.7919469642437693,58.17333333333333,1.3910108141993742,1.0,131.0
10,crowd,vehicular,107,reactive,0.9843120097561507,67.72666666666667,1.860434467599501,1.0,13.666666666666666
10,crowd,vehicular,107,cv,1.0125810725556883,67.66333333333333,1.9715876328063784,1.0,12.0
10,crowd,vehicular,107,oracle,1.030740404022459,68.47333333333333,2.018540842622825,1.0,14.666666666666666
10,crowd,vehicular,107,learned GAT-LSTM,1.0038146753330461,67.97333333333333,1.928773415965719,1.0,16.666666666666664
10,crowd,vehicular,107,learned LSTM (no graph attention),1.0090676138622947,67.73666666666666,1.9558914278717243,1.0,14.333333333333334
10,crowd,vehicular,108,none,0.41549701462359795,29.483333333333334,0.7596140382178621,1.0,0.0
10,crowd,vehicular,108,static,1.0049246403067609,65.96,1.990929790847109,1.0,0.0
10,crowd,vehicular,108,random,0.8003025419035574,58.22666666666667,1.4217938992982766,1.0,132.0
10,crowd,vehicular,108,reactive,1.012242759817849,67.88,1.9640521485859734,1.0,5.333333333333334
10,crowd,vehicular,108,cv,1.0368142235540934,67.8,2.061383543724628,1.0,14.333333333333334
10,crowd,vehicular,108,oracle,1.0502551503382158,68.47,2.0941115506175647,1.0,6.0
10,crowd,vehicular,108,learned GAT-LSTM,1.0373455606247377,68.24333333333334,2.0506970696348055,1.0,15.666666666666668
10,crowd,vehicular,108,learned LSTM (no graph attention),1.0424251937234126,68.1,2.0744623947707863,1.0,13.0
10,crowd,vehicular,109,none,0.40087056897531326,29.42,0.7048652500862699,1.0,0.0
10,crowd,vehicular,109,static,1.0309211600194026,67.44333333333333,2.048842281324065,1.0,0.0
10,crowd,vehicular,109,random,0.7736623740646709,57.82,1.3304484894499178,1.0,126.0
10,crowd,vehicular,109,reactive,1.020164748177263,67.79666666666667,1.9970861108145073,1.0,4.0
10,crowd,vehicular,109,cv,1.0359562349199043,67.85333333333334,2.0565323934293143,1.0,8.333333333333332
10,crowd,vehicular,109,oracle,1.0501163836128702,68.20333333333333,2.1012388975326672,1.0,4.666666666666667
10,crowd,vehicular,109,learned GAT-LSTM,1.0418904396146842,68.01333333333334,2.0748850013013374,1.0,7.333333333333333
10,crowd,vehicular,109,learned LSTM (no graph attention),1.0398758713045773,67.91666666666667,2.0698717045519968,1.0,8.666666666666668
10,crowd,vehicular,110,none,0.4244750632781097,29.66,0.7892599638186811,1.0,0.0
10,crowd,vehicular,110,static,1.0049381247604747,66.06666666666666,1.9879163275800484,1.0,0.0
10,crowd,vehicular,110,random,0.7922059332832193,57.42666666666667,1.4134717071469998,1.0,127.33333333333334
10,crowd,vehicular,110,reactive,1.064376656878026,69.17666666666666,2.1284179510938532,1.0,7.666666666666666
10,crowd,vehicular,110,cv,1.0653907295104317,69.11666666666666,2.134064370228223,1.0,9.0
10,crowd,vehicular,110,oracle,1.0821844341182192,69.35,2.192309388252308,1.0,8.666666666666668
10,crowd,vehicular,110,learned GAT-LSTM,1.0707300815288265,69.21,2.152032345503321,1.0,6.333333333333334
10,crowd,vehicular,110,learned LSTM (no graph attention),1.0702015226554134,69.19333333333333,2.150467102440687,1.0,10.666666666666668
10,crowd,vehicular,111,none,0.38711273688073444,28.276666666666667,0.6845152543476661,1.0,0.0
10,crowd,vehicular,111,static,0.9742016563574557,65.16333333333333,1.8950024062052595,1.0,0.0
10,crowd,vehicular,111,random,0.7418166669015895,56.03333333333333,1.258631623226649,1.0,133.0
10,crowd,vehicular,111,reactive,0.9826751713748821,66.77666666666667,1.8814069969490943,1.0,9.0
10,crowd,vehicular,111,cv,0.9943514785009193,66.55666666666667,1.9328889197282846,1.0,11.333333333333332
10,crowd,vehicular,111,oracle,1.0047471512616346,67.26333333333334,1.952785347595944,1.0,10.0
10,crowd,vehicular,111,learned GAT-LSTM,0.9901171470225645,66.92333333333333,1.9059742365611245,1.0,10.0
10,crowd,vehicular,111,learned LSTM (no graph attention),0.9956285602948314,66.95666666666666,1.926332081800605,1.0,10.333333333333334
10,crowd,vehicular,112,none,0.40217544987337306,28.906666666666666,0.7246652603612701,1.0,0.0
10,crowd,vehicular,112,static,0.9982967504893793,66.04666666666667,1.9628050620802635,1.0,0.0
10,crowd,vehicular,112,random,0.7521221807308263,56.89333333333333,1.2737725316105697,1.0,126.33333333333334
10,crowd,vehicular,112,reactive,0.994747262792561,66.35666666666667,1.9401676775477472,1.0,9.333333333333334
10,crowd,vehicular,112,cv,0.999422312736485,66.54,1.952979796103412,1.0,10.0
10,crowd,vehicular,112,oracle,1.0102295387112852,66.73333333333333,1.989221214988682,1.0,9.333333333333334
10,crowd,vehicular,112,learned GAT-LSTM,0.9992618574227614,66.53333333333333,1.9525508227768076,1.0,12.333333333333334
10,crowd,vehicular,112,learned LSTM (no graph attention),0.9986523732575517,66.59,1.9485649837379082,1.0,10.666666666666668
10,crowd,vehicular,113,none,0.39478534682764344,28.563333333333333,0.7059508709663438,1.0,0.0
10,crowd,vehicular,113,static,1.0070917284889604,65.43666666666667,2.0143518610944953,1.0,0.0
10,crowd,vehicular,113,random,0.7591812779906629,56.36666666666667,1.3162106550941404,1.0,131.33333333333331
10,crowd,vehicular,113,reactive,0.9914396489363484,66.12666666666667,1.9339854387956499,1.0,11.0
10,crowd,vehicular,113,cv,1.0101885918232338,66.23,2.0035287227005742,1.0,14.000000000000002
10,crowd,vehicular,113,oracle,1.023216300238749,66.55,2.0447176240301017,1.0,11.666666666666666
10,crowd,vehicular,113,learned GAT-LSTM,1.0109989368275507,66.46333333333334,1.999956765589548,1.0,15.333333333333332
10,crowd,vehicular,113,learned LSTM (no graph attention),1.0118238978540617,66.31,2.0075541934057486,1.0,12.666666666666668
10,crowd,vehicular,114,none,0.4031945049044924,29.086666666666666,0.7234333144281064,1.0,0.0
10,crowd,vehicular,114,static,0.9989940323407636,66.53666666666666,1.951419186469873,1.0,0.0
10,crowd,vehicular,114,random,0.7616601178319764,56.84,1.312194105888565,1.0,132.66666666666666
10,crowd,vehicular,114,reactive,1.0303922488922999,68.49333333333334,2.0166195207365605,1.0,13.333333333333334
10,crowd,vehicular,114,cv,1.0408883280619794,68.65333333333334,2.0526155582742183,1.0,16.666666666666664
10,crowd,vehicular,114,oracle,1.058752770437308,69.03333333333333,2.1107865225034677,1.0,14.000000000000002
10,crowd,vehicular,114,learned GAT-LSTM,1.0417424559038884,68.66333333333333,2.0556315674213828,1.0,14.000000000000002
10,crowd,vehicular,114,learned LSTM (no graph attention),1.0384193272318258,68.45666666666666,2.0487187204321593,1.0,14.333333333333334
10,crowd,vehicular,115,none,0.404800521969455,29.16,0.7275371085869096,1.0,0.0
10,crowd,vehicular,115,static,1.0039534942935362,66.42666666666666,1.9737617348368262,1.0,0.0
10,crowd,vehicular,115,random,0.7459354297575794,56.32,1.2663224400846036,1.0,124.33333333333334
10,crowd,vehicular,115,reactive,1.003934631423909,68.17333333333333,1.9234893270514415,1.0,8.333333333333332
10,crowd,vehicular,115,cv,1.0274578298261252,68.06666666666666,2.0175328725392685,1.0,14.333333333333334
10,crowd,vehicular,115,oracle,1.0385374582430522,68.30666666666667,2.053486623780334,1.0,8.333333333333332
10,crowd,vehicular,115,learned GAT-LSTM,1.022478931226663,68.01666666666667,1.999713574594773,1.0,16.333333333333332
10,crowd,vehicular,115,learned LSTM (no graph attention),1.0255763220132519,67.88666666666667,2.0154292104721385,1.0,13.333333333333334
10,crowd,vehicular,116,none,0.4024700853386138,29.46,0.7099019070882758,1.0,0.0
10,crowd,vehicular,116,static,0.9871824687374233,65.83666666666667,1.9258550818146458,1.0,0.0
10,crowd,vehicular,116,random,0.7698288675939874,57.693333333333335,1.319262502158954,1.0,130.33333333333331
10,crowd,vehicular,116,reactive,0.9788460057440949,67.55,1.8443716673066406,1.0,10.666666666666668
10,crowd,vehicular,116,cv,0.9987120315933913,67.72333333333333,1.9162235524714826,1.0,12.333333333333334
10,crowd,vehicular,116,oracle,1.007773771118894,68.08,1.9410199333073896,1.0,11.0
10,crowd,vehicular,116,learned GAT-LSTM,0.9914070199484657,67.49333333333334,1.8945810446745486,1.0,12.666666666666668
10,crowd,vehicular,116,learned LSTM (no graph attention),0.999581836959517,67.46,1.9271558355082479,1.0,11.333333333333332
10,crowd,vehicular,117,none,0.42061959889849554,29.64,0.7749234369697715,1.0,0.0
10,crowd,vehicular,117,static,1.0026267314448816,66.27,1.9731329917508527,1.0,0.0
10,crowd,vehicular,117,random,0.7781625127761987,57.02,1.3708452672721458,1.0,130.0
10,crowd,vehicular,117,reactive,1.0559261156643855,69.25,2.093627168112679,1.0,6.666666666666667
10,crowd,vehicular,117,cv,1.0685942052840873,69.43,2.137448834146931,1.0,8.0
10,crowd,vehicular,117,oracle,1.0851339211245625,70.01666666666667,2.184556678054057,1.0,7.666666666666666
10,crowd,vehicular,117,learned GAT-LSTM,1.0658406732819639,69.59333333333333,2.122105095923133,1.0,12.0
10,crowd,vehicular,117,learned LSTM (no graph attention),1.0663339872597548,69.68333333333334,2.1214264157481817,1.0,10.0
10,crowd,vehicular,118,none,0.40626154396391767,29.69333333333333,0.717859655318015,1.0,0.0
10,crowd,vehicular,118,static,1.0125190898524599,67.44,1.9777665420221653,1.0,0.0
10,crowd,vehicular,118,random,0.780458931745514,57.98,1.3521363193540845,1.0,128.0
10,crowd,vehicular,118,reactive,1.0354284451751246,68.48333333333333,2.036384830973421,1.0,7.666666666666666
10,crowd,vehicular,118,cv,1.0467248785266285,68.70666666666666,2.0736560957892722,1.0,10.0
10,crowd,vehicular,118,oracle,1.055090256320285,69.02,2.0970046459036626,1.0,7.666666666666666
10,crowd,vehicular,118,learned GAT-LSTM,1.0428108418803754,68.87,2.053824009151242,1.0,12.0
10,crowd,vehicular,118,learned LSTM (no graph attention),1.0438228211087957,68.74666666666667,2.0612825410835494,1.0,10.666666666666668
10,crowd,vehicular,119,none,0.4153373464655625,29.713333333333335,0.7523862748565968,1.0,0.0
10,crowd,vehicular,119,static,1.0044834740529003,66.20666666666666,1.982134307719152,1.0,0.0
10,crowd,vehicular,119,random,0.769625242084565,57.096666666666664,1.335623250322941,1.0,127.33333333333334
10,crowd,vehicular,119,reactive,1.0202618296955335,68.24,1.9847201171900337,1.0,6.666666666666667
10,crowd,vehicular,119,cv,1.0329936819851206,67.82333333333334,2.0459366774527905,1.0,10.0
10,crowd,vehicular,119,oracle,1.0549924331914817,68.82666666666667,2.1021827349232955,1.0,6.666666666666667
10,crowd,vehicular,119,learned GAT-LSTM,1.035525166072497,68.35,2.040590926497908,1.0,12.0
10,crowd,vehicular,119,learned LSTM (no graph attention),1.0378375976296916,68.29,2.0512588569641457,1.0,11.333333333333332
